0.5447789832128709,-0.14529262504371068,0.440583718747567,0.5559000000000001,-0.15,0.4346,0.5470031865702967,-0.14623410003496853,0.4393869749980536,0.0,1693530592.133674,2023-09-01_11-09-52
0.5447789832128709,-0.14529262504371068,0.440583718747567,0.55542,-0.14928,0.4342996525942756,0.5469071865702967,-0.14609010003496853,0.43932690551690873,0.023999999999999997,1693530592.1574774,2023-09-01_11-09-52
0.5447789832128709,-0.14529262504371068,0.440583718747567,0.55494,-0.14856,0.4340067685819826,0.5468111865702967,-0.14594610003496855,0.43926832871445015,0.047999999999999994,1693530592.181257,2023-09-01_11-09-52
0.5447789832128709,-0.14529262504371068,0.440583718747567,0.55446,-0.14784,0.4337287637122098,0.5467151865702966,-0.14580210003496855,0.4392127277404956,0.072,1693530592.2053027,2023-09-01_11-09-52
0.5447789832128709,-0.14529262504371068,0.440583718747567,0.55398,-0.14712,0.4334729587208478,0.5466191865702966,-0.14565810003496854,0.4391615667422232,0.09599999999999999,1693530592.2292883,2023-09-01_11-09-52
0.5447789832128709,-0.14529262504371068,0.440583718747567,0.5535,-0.1464,0.4332465325111367,0.5465231865702966,-0.14551410003496854,0.439116281500281,0.12,1693530592.253231,2023-09-01_11-09-52
0.5447789832128709,-0.14529262504371068,0.440583718747567,0.5530200000000001,-0.14568,0.4330564761544049,0.5464271865702967,-0.14537010003496853,0.4390782702289346,0.144,1693530592.2772596,2023-09-01_11-09-52
0.5447789832128709,-0.14529262504371068,0.440583718747567,0.55254,-0.14496,0.4329095479771104,0.5463311865702967,-0.14522610003496855,0.4390488845934757,0.16799999999999998,1693530592.3010056,2023-09-01_11-09-52
0.5447789832128709,-0.14529262504371068,0.440583718747567,0.55206,-0.14424,0.43281222999410923,0.5462351865702967,-0.14508210003496855,0.4390294209968755,0.19199999999999998,1693530592.3253047,2023-09-01_11-09-52
0.5447789832128709,-0.14529262504371068,0.440583718747567,0.55158,-0.14351999999999998,0.432770685940403,0.5461391865702967,-0.14493810003496854,0.4390211121861342,0.21600000000000003,1693530592.349001,2023-09-01_11-09-52
0.5447789832128709,-0.14529262504371068,0.440583718747567,0.5511,-0.14279999999999998,0.4327907211445076,0.5460431865702967,-0.14479410003496854,0.43902511922695514,0.24,1693530592.3730416,2023-09-01_11-09-52
0.5447789832128709,-0.14529262504371068,0.440583718747567,0.55062,-0.14207999999999998,0.4328777444760938,0.5459471865702966,-0.14465010003496853,0.43904252389327236,0.264,1693530592.3969073,2023-09-01_11-09-52
0.5447789832128709,-0.14529262504371068,0.440583718747567,0.5501400000000001,-0.14135999999999999,0.4330367325887264,0.5458511865702966,-0.14450610003496855,0.4390743215157989,0.288,1693530592.4213803,2023-09-01_11-09-52
0.5447789832128709,-0.14529262504371068,0.440583718747567,0.54966,-0.14064,0.43327219666545086,0.5457551865702966,-0.14436210003496855,0.4391214143311438,0.312,1693530592.4451084,2023-09-01_11-09-52
0.5447789832128709,-0.14529262504371068,0.440583718747567,0.54918,-0.13992,0.4335881518607115,0.5456591865702967,-0.14421810003496854,0.43918460537019594,0.33599999999999997,1693530592.4693484,2023-09-01_11-09-52
0.5447789832128709,-0.14529262504371068,0.440583718747567,0.5487,-0.1392,0.4339880896167169,0.5455631865702967,-0.14407410003496854,0.439264592921397,0.36,1693530592.4931278,2023-09-01_11-09-52
0.5447789832128709,-0.14529262504371068,0.440583718747567,0.54822,-0.13848,0.43447495301598565,0.5454671865702967,-0.14393010003496853,0.43936196560125074,0.38399999999999995,1693530592.51841,2023-09-01_11-09-52
0.5447789832128709,-0.14529262504371068,0.440583718747567,0.54774,-0.13776,0.435051115314496,0.5453711865702967,-0.14378610003496856,0.4394771980609528,0.40800000000000003,1693530592.5411255,2023-09-01_11-09-52
0.5447034258308809,-0.14539887644902602,0.44048230637801966,0.5472600000000001,-0.13704,0.43571836178173384,0.5452147406647048,-0.14372710115922083,0.4395295174587625,0.43200000000000005,1693530592.5648348,2023-09-01_11-09-52
0.5446425795614067,-0.1453288864363751,0.44032693285482377,0.54678,-0.13632,0.43647787495507967,0.5450700636491254,-0.14352710914910008,0.43955712127487495,0.456,1693530592.5890262,2023-09-01_11-09-52
0.5444740515293409,-0.14494274992553607,0.4398068202351322,0.5463,-0.1356,0.4373302233965048,0.5448392412234727,-0.14307419994042886,0.4393115008674067,0.48,1693530592.6130993,2023-09-01_11-09-52
0.5442091914197682,-0.14406477364946418,0.43886793127471724,0.54582,-0.13488,0.43827535401958084,0.5445313531358146,-0.14222781891957134,0.4387494158236899,0.504,1693530592.6371155,2023-09-01_11-09-52
0.5436365649032826,-0.14361043604428914,0.4375234889671982,0.54534,-0.13416,0.43931258803444007,0.543977251922626,-0.1417203488354313,0.43788130878064657,0.528,1693530592.6610777,2023-09-01_11-09-52
0.5428664485380638,-0.14389224343589227,0.4361393149060462,0.54486,-0.13344,0.440440620537692,0.543265158830451,-0.14180179474871382,0.4369995760323754,0.552,1693530592.6850996,2023-09-01_11-09-52
0.5415550577100906,-0.14395623164273144,0.4336233162288246,0.54438,-0.13272,0.4416575237535067,0.5421200461680725,-0.14170898531418516,0.435230157733761,0.576,1693530592.7094934,2023-09-01_11-09-52
0.5400719537898363,-0.14421863031993498,0.4309098351415186,0.5439,-0.132,0.44296075391124445,0.5408375630318691,-0.141774904255948,0.4333200188954638,0.6,1693530592.7332492,2023-09-01_11-09-52
0.5384008740151907,-0.1448494063082047,0.4280561125050047,0.54342,-0.13128,0.4443471617242595,0.5394046992121525,-0.14213552504656377,0.43131432234885564,0.624,1693530592.7573657,2023-09-01_11-09-52
0.537068293036929,-0.1454758138236903,0.42587349256947415,0.54294,-0.13056,0.44581300641395055,0.5382426344295431,-0.14249265105895223,0.4298613953383695,0.6479999999999999,1693530592.7811484,2023-09-01_11-09-52
0.5361211221036091,-0.14558357571043196,0.42419343918111596,0.54246,-0.12984,0.4473539732028912,0.5373888976828872,-0.14243486056834556,0.428825545985471,0.6719999999999999,1693530592.8052895,2023-09-01_11-09-52
0.5353030731009567,-0.1447171306960072,0.42234000227236146,0.54198,-0.12911999999999998,0.44896519418106356,0.5366384584807654,-0.14159770455680576,0.4276650406541018,0.696,1693530592.829393,2023-09-01_11-09-52
0.534563878745577,-0.14357558297115258,0.420532696813247,0.5415,-0.1284,0.4506412724299489,0.5359511029964616,-0.14054046637692205,0.4265544119365874,0.72,1693530592.8530796,2023-09-01_11-09-52
0.5335524483620967,-0.1430827315093569,0.41853976621509975,0.5410200000000001,-0.12768,0.4523763092706148,0.5350459586896774,-0.14000218520748553,0.4253070748262027,0.744,1693530592.8769438,2023-09-01_11-09-52
0.5324925104085092,-0.1432776868709685,0.41676989301683215,0.54054,-0.12696,0.45416393448407744,0.5341020083268074,-0.1400141494967748,0.42424870131028125,0.7679999999999999,1693530592.9013681,2023-09-01_11-09-52
0.5310274734900573,-0.14379241985001034,0.4144562517815701,0.54006,-0.12624,0.45599733933522146,0.5328339787920457,-0.14028193588000826,0.4227644692923004,0.792,1693530592.9250593,2023-09-01_11-09-52
0.529621605389446,-0.14436984559924135,0.4123028332724536,0.53958,-0.12552,0.45786931221551275,0.5316132843115569,-0.14059987647939307,0.42141612906106546,0.8160000000000001,1693530592.9490073,2023-09-01_11-09-52
0.5281030082087959,-0.14537899247175587,0.41016924103900515,0.5391,-0.1248,0.4597722767047467,0.5303024065670366,-0.1412631939774047,0.42008984817215345,0.8400000000000001,1693530592.973106,2023-09-01_11-09-52
0.5262931926052723,-0.14718184877624138,0.40791953426648964,0.53862,-0.12408,0.4616983318382095,0.5287585540842178,-0.14256147902099311,0.4186752937808336,0.8640000000000001,1693530592.9971614,2023-09-01_11-09-52
0.5246512669196586,-0.1490633944351475,0.40623574418490654,0.5381400000000001,-0.12336,0.46363929435297785,0.5273490135357268,-0.143922715548118,0.41771645421852077,0.888,1693530593.021055,2023-09-01_11-09-53
0.5236366828944993,-0.15021630962061755,0.4050809560477085,0.53766,-0.12264,0.46558674267571354,0.5264413463155995,-0.14470104769649406,0.4171821133733095,0.912,1693530593.0449922,2023-09-01_11-09-53
0.5224589998360339,-0.15147830413817676,0.40518892687222086,0.53718,-0.12192,0.4675320624042911,0.5254031998688272,-0.1455666433105414,0.4176575539786349,0.936,1693530593.0689518,2023-09-01_11-09-53
0.5209562411681508,-0.1530454713673164,0.4059613263163418,0.5367000000000001,-0.1212,0.4694664930269784,0.5241049929345206,-0.14667637709385312,0.41866235965846915,0.96,1693530593.0938137,2023-09-01_11-09-53
0.5194230805098862,-0.15430351172111356,0.40677039022358236,0.53622,-0.12048,0.47138117561572923,0.5227824644079089,-0.14753880937689084,0.4196925473020118,0.984,1693530593.1169407,2023-09-01_11-09-53
0.5177545544257441,-0.15514682405222063,0.4086549962245689,0.53574,-0.11975999999999999,0.4732672012244855,0.5213516435405953,-0.1480694592417765,0.4215774372245522,1.008,1693530593.140988,2023-09-01_11-09-53
0.5162072814503279,-0.15529634068968035,0.4114940288317328,0.5352600000000001,-0.11903999999999999,0.4751156597192403,0.5200178251602623,-0.14804507255174426,0.42421835500923427,1.032,1693530593.16606,2023-09-01_11-09-53
0.5142613225084487,-0.15530750253955927,0.4147073926627019,0.53478,-0.11832,0.47691768876403373,0.5183650580067589,-0.14791000203164742,0.42714945188296827,1.056,1693530593.1905987,2023-09-01_11-09-53
0.5125998414848578,-0.15505546964119116,0.4170094030306304,0.5343,-0.1176,0.4786645226860248,0.5169398731878863,-0.14756437571295292,0.42934042696170927,1.08,1693530593.2131565,2023-09-01_11-09-53
0.5106580370364832,-0.15479863550337683,0.42037194579249165,0.53382,-0.11688,0.48034754094333754,0.5152904296291866,-0.14721490840270146,0.4323670648226608,1.104,1693530593.2370005,2023-09-01_11-09-53
0.5088012773335334,-0.15436950466778782,0.4240479575961678,0.53334,-0.11616,0.4819583159214956,0.5137090218668268,-0.14672760373423024,0.43563002926123334,1.128,1693530593.2609556,2023-09-01_11-09-53
0.5071722441644428,-0.1538982691102473,0.42702363662645487,0.53286,-0.11543999999999999,0.48348865978793715,0.5123097953315542,-0.14620661528819784,0.4383166412587513,1.152,1693530593.2852964,2023-09-01_11-09-53
0.5053753566453906,-0.15370709511324362,0.43008084175571526,0.5323800000000001,-0.11471999999999999,0.4849306701393117,0.5107762853163124,-0.1459096760905949,0.4410508074324345,1.176,1693530593.309855,2023-09-01_11-09-53
0.5036333363942518,-0.15364955426387314,0.4326408169730315,0.5319,-0.11399999999999999,0.4862767741829803,0.5092866691154014,-0.1457196434110985,0.4433680084150212,1.2,1693530593.3331926,2023-09-01_11-09-53
0.5020755310335191,-0.15443909161289615,0.4356839855019569,0.53142,-0.11327999999999999,0.4875197712023285,0.5079444248268152,-0.1462072732903169,0.4460511426420312,1.224,1693530593.3570254,2023-09-01_11-09-53
0.5008475623356261,-0.15486823095462346,0.4387112769443123,0.53094,-0.11256,0.4886528730651071,0.5068660498685008,-0.14640658476369878,0.44869959616847127,1.248,1693530593.3815694,2023-09-01_11-09-53
0.49955642507891773,-0.15515096705755987,0.441812130637021,0.53046,-0.11184,0.4896697425449972,0.5057371400631342,-0.1464887736460479,0.45138365301861627,1.272,1693530593.405458,2023-09-01_11-09-53
0.49836392787126166,-0.15535362264168,0.4446142864270135,0.52998,-0.11112,0.49056452923887417,0.5046871422970094,-0.146506898113344,0.45380433498938566,1.2959999999999998,1693530593.4289656,2023-09-01_11-09-53
0.49739528969039676,-0.15541404472428685,0.4468432704866266,0.5295,-0.1104,0.4913319028757672,0.5038162317523174,-0.1464112357794295,0.4557409969644547,1.32,1693530593.4531658,2023-09-01_11-09-53
0.4966276905594853,-0.15567156301339613,0.44860486560360757,0.52902,-0.10968,0.4919670838281843,0.5031061524475883,-0.1464732504107169,0.4572773092485229,1.3439999999999999,1693530593.4774923,2023-09-01_11-09-53
0.495914560659654,-0.1558925416311103,0.45022162082881617,0.52854,-0.10896,0.4924658706522302,0.5024396485277233,-0.14650603330488823,0.458670470793499,1.368,1693530593.5010836,2023-09-01_11-09-53
0.4953345563994823,-0.15587925769386957,0.4515078504074072,0.52806,-0.10824,0.4928246644996791,0.5018796451195859,-0.14635140615509565,0.4597712132258616,1.392,1693530593.5253994,2023-09-01_11-09-53
0.49498301160973157,-0.15526848019077338,0.45223084728915036,0.52758,-0.10752,0.4930404902628016,0.5015024092877852,-0.1457187841526187,0.4603927758838806,1.416,1693530593.5490465,2023-09-01_11-09-53
0.49470618291839574,-0.15445916213902872,0.45276675498617436,0.5271,-0.1068,0.4931110143311607,0.5011849463347167,-0.14492732971122296,0.46083560685517166,1.44,1693530593.5741885,2023-09-01_11-09-53
0.4944268968765976,-0.15365000883342012,0.4533026026620883,0.52662,-0.10608,0.493034558858707,0.5008655175012781,-0.1441360070667361,0.46124899390141205,1.464,1693530593.5973825,2023-09-01_11-09-53
0.4941922842488832,-0.15297585032862276,0.45374908524921864,0.52614,-0.10536000000000001,0.49281011245918743,0.5005818273991066,-0.14345268026289823,0.46156129069121243,1.488,1693530593.6210945,2023-09-01_11-09-53
0.49406517001336064,-0.15240526556203443,0.45396872292155566,0.52566,-0.10464,0.4924373372680387,0.5003841360106885,-0.14285221244962754,0.4616624457908523,1.512,1693530593.6451418,2023-09-01_11-09-53
0.4939035235552146,-0.15153415193451175,0.45422969103932853,0.52518,-0.10392,0.4919165723294408,0.5001588188441717,-0.1420113215476094,0.461767067297351,1.5359999999999998,1693530593.6693215,2023-09-01_11-09-53
0.4937120825209287,-0.15099538186747358,0.45458702795852285,0.5247,-0.10319999999999999,0.4912488332879521,0.49990966601674297,-0.14143630549397884,0.46191938902440877,1.56,1693530593.6979165,2023-09-01_11-09-53
0.49356779003055895,-0.15059136820979707,0.4548549954518056,0.52422,-0.10247999999999999,0.49043580838500495,0.4996982320244472,-0.14096909456783766,0.46197115803844546,1.584,1693530593.7189646,2023-09-01_11-09-53
0.4933879131347755,-0.1498870559939422,0.4551643816787231,0.52374,-0.10175999999999999,0.48947985078140327,0.4994583305078204,-0.14026164479515374,0.4620274754992591,1.608,1693530593.7430768,2023-09-01_11-09-53
0.4931706372878922,-0.1488829707640627,0.45551549961923243,0.5232600000000001,-0.10103999999999999,0.4883839672477058,0.4991885098303137,-0.13931437661125018,0.46208919314492714,1.6320000000000001,1693530593.767192,2023-09-01_11-09-53
0.4929258530022343,-0.1474145716598663,0.4558612384542869,0.52278,-0.10031999999999999,0.48715180328488256,0.4988966824017874,-0.13799565732789304,0.462119351420406,1.656,1693530593.7914906,2023-09-01_11-09-53
0.4925744784233441,-0.14567958033437234,0.45638691462096775,0.5223,-0.0996,0.48578762475778636,0.4985195827386753,-0.13646366426749787,0.46226705664833145,1.6800000000000002,1693530593.815575,2023-09-01_11-09-53
0.49236003400074835,-0.14355626929344126,0.45654611027200465,0.5218200000000001,-0.09888,0.48429629614366615,0.49825202720059875,-0.134621015434753,0.4620961474463369,1.704,1693530593.8391132,2023-09-01_11-09-53
0.49223412407823497,-0.14074909373276862,0.45638321132216353,0.52134,-0.09816,0.48268325551705504,0.49805529926258796,-0.1322312749862149,0.4616432201611418,1.7280000000000002,1693530593.863364,2023-09-01_11-09-53
0.4922507643079532,-0.13706840849919028,0.4557171338995739,0.52086,-0.09744,0.48095448641078664,0.49797261144636257,-0.12914272679935224,0.4607646044018165,1.752,1693530593.8870246,2023-09-01_11-09-53
0.4922499799608536,-0.13290993442183308,0.45491762071061415,0.5203800000000001,-0.09672,0.47911648671051904,0.4978759839686829,-0.12567194753746647,0.45975739391059517,1.776,1693530593.9112873,2023-09-01_11-09-53
0.49237949186492525,-0.12883650390734042,0.45375977048348315,0.5199,-0.096,0.47717623475688103,0.4978835934919402,-0.12226920312587233,0.45844306333816276,1.7999999999999998,1693530593.9351037,2023-09-01_11-09-53
0.4924687391669801,-0.12445308408468606,0.4525156480184403,0.51942,-0.09528,0.4751411528451055,0.497858991333584,-0.11861846726774886,0.45704074898377334,1.824,1693530593.9592085,2023-09-01_11-09-53
0.4925055727519977,-0.1202480947841093,0.4513239598521691,0.51894,-0.09456,0.4730190683266853,0.4977924582015982,-0.11511047582728745,0.4556629815470723,1.8479999999999999,1693530593.9835677,2023-09-01_11-09-53
0.49248895676085486,-0.11541641552641635,0.44995683296950184,0.51846,-0.09383999999999999,0.4708181725310979,0.4976831654086839,-0.11110113242113308,0.45412910088182107,1.872,1693530594.007377,2023-09-01_11-09-54
0.4924306226594672,-0.11156713597557688,0.4488693327718286,0.51798,-0.09312000000000001,0.4685469777379264,0.4975404981275737,-0.10787770878046152,0.45280486176504814,1.896,1693530594.031082,2023-09-01_11-09-54
0.4923376030205642,-0.10789200219617626,0.44783240294680565,0.5175000000000001,-0.0924,0.46621427244066727,0.4973700824164513,-0.10479360175694101,0.451508776845578,1.92,1693530594.0552049,2023-09-01_11-09-54
0.49222750276184,-0.10470742496332247,0.4469349656077057,0.51702,-0.09168,0.4638290751531241,0.49718600220947207,-0.10210193997065797,0.45031378751678935,1.944,1693530594.0791006,2023-09-01_11-09-54
0.49217783403272086,-0.10191389922799063,0.4462741470940935,0.51654,-0.09096,0.46140058701746284,0.49705026722617673,-0.0997231193823925,0.4492994350787674,1.968,1693530594.1030722,2023-09-01_11-09-54
0.49212489871153065,-0.0994439726778104,0.44570519971554345,0.51606,-0.09024,0.4589381434797116,0.49691191896922454,-0.09760317814224832,0.4483517884683771,1.992,1693530594.1272087,2023-09-01_11-09-54
0.4921205510614367,-0.09688446047800456,0.44523759862993145,0.51558,-0.08951999999999999,0.45645116530369917,0.4968124408491494,-0.09541156838240364,0.447480311964685,2.016,1693530594.1513834,2023-09-01_11-09-54
0.4921739988328516,-0.09439213327805802,0.44491570731270436,0.5151,-0.0888,0.4539491091980846,0.4967591990662813,-0.09327370662244643,0.4467223876897804,2.04,1693530594.1753874,2023-09-01_11-09-54
0.4923615068208632,-0.09202633403618908,0.4448826156047818,0.5146200000000001,-0.08807999999999999,0.45144141833324486,0.4968132054566906,-0.09123706722895127,0.4461943761504744,2.064,1693530594.199026,2023-09-01_11-09-54
0.4925681974678058,-0.09101388748708009,0.4451038518186825,0.51414,-0.08736000000000001,0.44893747302532605,0.49688255797424463,-0.09028310998966407,0.4458705760600112,2.088,1693530594.2230997,2023-09-01_11-09-54
0.4929098580901498,-0.0899651556977934,0.4455686306865644,0.51366,-0.08664,0.4464465418637335,0.49705988647211985,-0.08930012455823472,0.4457442129219982,2.112,1693530594.2472463,2023-09-01_11-09-54
0.49359696814284226,-0.0889022041216137,0.4466649768097571,0.51318,-0.08592,0.44397773355573356,0.49751357451427386,-0.08830576329729095,0.4461275281589524,2.136,1693530594.2718482,2023-09-01_11-09-54
0.49446419612709813,-0.08754273010689047,0.44806496789200206,0.5127,-0.0852,0.44153994975769706,0.4981113569016785,-0.08707418408551237,0.4467599642651411,2.16,1693530594.296715,2023-09-01_11-09-54
0.49544031952373724,-0.08604490112288538,0.4494313074825349,0.51222,-0.08448,0.439141839156829,0.49879625561898977,-0.08573192089830829,0.4473734138173937,2.184,1693530594.3190627,2023-09-01_11-09-54
0.4966317372525073,-0.08405197523294425,0.4509230532062124,0.51174,-0.08376,0.43679175306006385,0.49965338980200585,-0.08399358018635539,0.44809679317698264,2.208,1693530594.3433616,2023-09-01_11-09-54
0.49811887751813044,-0.08177261778132838,0.45273335584665614,0.51126,-0.08303999999999999,0.4344977027381741,0.5007471020145043,-0.08202609422506271,0.4490862252249597,2.232,1693530594.3673956,2023-09-01_11-09-54
0.49935482679161824,-0.07980847731172998,0.4543890118852914,0.51078,-0.08232,0.4322673187631057,0.5016398614332945,-0.08031078184938398,0.44996467326085426,2.256,1693530594.3911116,2023-09-01_11-09-54
0.5001699103871269,-0.07860291911583459,0.4550938677273229,0.5103,-0.08159999999999999,0.43010781256517727,0.5021959283097015,-0.07920233529266765,0.4500966566948938,2.2800000000000002,1693530594.4151537,2023-09-01_11-09-54
0.5004005203961295,-0.07840113850399959,0.45477611788292954,0.50982,-0.08088,0.42802594042410996,0.5022844163169036,-0.07889691080319967,0.4494260823911656,2.304,1693530594.4393392,2023-09-01_11-09-54
0.5008012008884588,-0.07816453558092716,0.45379436428151526,0.50934,-0.08015999999999998,0.42602797009398047,0.5025089607107671,-0.07856362846474173,0.44824108544400826,2.3280000000000003,1693530594.4642959,2023-09-01_11-09-54
0.5011841168164332,-0.07776897337039218,0.4527666780139928,0.50886,-0.07944,0.42411965024718,0.5027192934531466,-0.07810317869631374,0.44703727246063024,2.352,1693530594.487148,2023-09-01_11-09-54
0.5016207296548254,-0.07733828638651422,0.4515959267356459,0.50838,-0.07871999999999998,0.42230618290640143,0.5029725837238603,-0.07761462910921137,0.44573797796979703,2.376,1693530594.5112906,2023-09-01_11-09-54
0.5020936832952758,-0.07671397889362852,0.4502371318529281,0.5079,-0.078,0.42059219901666905,0.5032549466362206,-0.07697118311490281,0.44430814528567625,2.4,1693530594.5353699,2023-09-01_11-09-54
0.5025616943802326,-0.0760880791249739,0.4488748922624717,0.50742,-0.07727999999999999,0.4189817372915461,0.503533355504186,-0.07632646329997911,0.4428962612682866,2.424,1693530594.5597088,2023-09-01_11-09-54
0.5030247340096058,-0.0754605948166325,0.4475092204544065,0.5069400000000001,-0.07656,0.4174782264490281,0.5038077872076846,-0.075680475853306,0.44150302165333083,2.448,1693530594.5830646,2023-09-01_11-09-54
0.5036110940581536,-0.07441092075108159,0.44562424507339,0.50646,-0.07583999999999999,0.4160844709333461,0.5041808752465229,-0.07469673660086526,0.4397162902453812,2.472,1693530594.6074932,2023-09-01_11-09-54
0.5043410740869859,-0.07331891347991516,0.4430579890022752,0.50598,-0.07512,0.4148026401990765,0.5046688592695887,-0.07367913078393214,0.4374069192416355,2.496,1693530594.6315033,2023-09-01_11-09-54
0.5051140142973479,-0.07212093452557342,0.44058329647721867,0.5055000000000001,-0.0744,0.41363426161370104,0.5051912114378784,-0.07257674762045872,0.4351934895045151,2.52,1693530594.655702,2023-09-01_11-09-54
0.5057537650320844,-0.07134124184060724,0.4386200010365289,0.50502,-0.07368,0.4125802170141899,0.5056070120256676,-0.07180899347248579,0.43341204423206103,2.544,1693530594.680885,2023-09-01_11-09-54
0.5065785843828255,-0.06990449063792811,0.4357915613155095,0.50454,-0.07296000000000001,0.41164074293241026,0.5061708675062604,-0.07051559251034249,0.4309613976388897,2.5679999999999996,1693530594.7031806,2023-09-01_11-09-54
0.5071522895483676,-0.0688018905438052,0.4337233286954488,0.5040600000000001,-0.07224,0.41081543448332014,0.506533831638694,-0.06948951243504416,0.42914174985302306,2.5919999999999996,1693530594.7274187,2023-09-01_11-09-54
0.5075163091618479,-0.0678429296084252,0.43223299851450375,0.50358,-0.07152,0.41010325288909283,0.5067290473294783,-0.06857834368674015,0.42780704938942155,2.616,1693530594.751539,2023-09-01_11-09-54
0.5078459626386284,-0.06707696595360807,0.4309300672366202,0.5031,-0.07079999999999999,0.4095025365916686,0.5068967701109026,-0.06782157276288646,0.4266445611076298,2.64,1693530594.7753665,2023-09-01_11-09-54
0.5080029352542577,-0.0662633184575751,0.4300204805513219,0.5026200000000001,-0.07007999999999999,0.409011015885851,0.5069263482034061,-0.06702665476606008,0.4258185876182277,2.664,1693530594.799079,2023-09-01_11-09-54
0.5080726628313121,-0.06539420601412613,0.42896379712140537,0.50214,-0.06936,0.4086258309850782,0.5068861302650497,-0.0661873648113009,0.4248962038941399,2.6879999999999997,1693530594.8233259,2023-09-01_11-09-54
0.507983142391099,-0.06435024218605026,0.4278632332214068,0.50166,-0.06863999999999999,0.408343553412514,0.5067185139128793,-0.06520819374884021,0.4239592972596282,2.7119999999999997,1693530594.8474112,2023-09-01_11-09-54
0.5075855189664537,-0.06353017952353934,0.42670750489823445,0.50118,-0.06792,0.40816021059123453,0.5063044151731629,-0.06440814361883147,0.4229980460368345,2.736,1693530594.871259,2023-09-01_11-09-54
0.5069740952607347,-0.0628598507642646,0.4252044002473986,0.5007,-0.0672,0.40807131348913783,0.5057192762085877,-0.06372788061141169,0.4217777828957464,2.7600000000000002,1693530594.8951218,2023-09-01_11-09-54
0.5063635744978201,-0.06190655955557662,0.42415735171393537,0.50022,-0.06648,0.40807188715687925,0.5051348595982561,-0.0628212476444613,0.4209402588025241,2.784,1693530594.9192457,2023-09-01_11-09-54
0.5060043549530319,-0.0607709128334797,0.42331269813264233,0.49974,-0.06576,0.40815650398073483,0.5047514839624255,-0.061768730266783756,0.4202814593022608,2.808,1693530594.9432993,2023-09-01_11-09-54
0.5057181127088218,-0.05947257953187733,0.4228190389218057,0.49926000000000004,-0.06504,0.4083193194569096,0.5044264901670574,-0.06058606362550187,0.4199190950288265,2.832,1693530594.9671829,2023-09-01_11-09-54
0.5055144431614762,-0.058230731024427926,0.4224711294973027,0.49878,-0.06431999999999999,0.40855411027952854,0.5041675545291809,-0.059448584819542336,0.41968772565374785,2.8560000000000003,1693530594.9911706,2023-09-01_11-09-54
0.505306853711956,-0.056990977044240235,0.42212405843142214,0.4983,-0.0636,0.4088543145214469,0.5039054829695648,-0.05831278163539219,0.4194701096494271,2.88,1693530595.0151572,2023-09-01_11-09-55
0.504988157921769,-0.05513529679238972,0.42160502830614355,0.49782000000000004,-0.06288,0.40921307367518545,0.5035545263374153,-0.05668423743391177,0.4191266373799519,2.904,1693530595.0396943,2023-09-01_11-09-55
0.5046053272901408,-0.052976371249196505,0.4210018924031967,0.49734,-0.06215999999999999,0.40962327631077716,0.5031522618321126,-0.0548130969993572,0.4187261691847127,2.928,1693530595.0631475,2023-09-01_11-09-55
0.5043120423729788,-0.05109377446308941,0.4203395182935146,0.49686,-0.061439999999999995,0.410077603098194,0.502821633898383,-0.05316301957047152,0.4182871352544505,2.952,1693530595.0872607,2023-09-01_11-09-55
0.5039656143743696,-0.04925330320993592,0.4198264991198215,0.49638000000000004,-0.06072000000000001,0.41056857293432825,0.5024484914994957,-0.05154664256794873,0.4179749138827229,2.976,1693530595.111243,2023-09-01_11-09-55
0.5036841306803197,-0.047533126081484654,0.4192103767144073,0.4959,-0.06,0.41108858990830105,0.5021273045442557,-0.05002650086518772,0.41758601935318607,3.0,1693530595.1353843,2023-09-01_11-09-55
0.5033531340434249,-0.046261131611560334,0.4187270205188636,0.49542,-0.05928,0.4116299908341775,0.5017665072347399,-0.048864905289248264,0.41730761458192644,3.024,1693530595.1593037,2023-09-01_11-09-55
0.5031102599441597,-0.04544864479260959,0.41837171270934476,0.49494000000000005,-0.05855999999999999,0.41218509307702345,0.5014762079553279,-0.048070915834087666,0.4171343887828805,3.048,1693530595.1832075,2023-09-01_11-09-55
0.5027440430996568,-0.044435154816659043,0.41783143207947626,0.49446,-0.05784,0.4127462423966512,0.5010872344797256,-0.04711612385332724,0.41681439414291127,3.0719999999999996,1693530595.2072582,2023-09-01_11-09-55
0.5022206829395545,-0.04307071896435645,0.41706500835346705,0.49398000000000003,-0.057120000000000004,0.4133058605333859,0.5005725463516435,-0.04588057517148516,0.4163131787894508,3.096,1693530595.2313955,2023-09-01_11-09-55
0.5014131985019439,-0.04215439628510734,0.4160451172677784,0.4935,-0.05639999999999999,0.41385649226173954,0.4998305588015551,-0.04500351702808587,0.4156073922665706,3.12,1693530595.2552593,2023-09-01_11-09-55
0.5002993454835923,-0.04134529428752657,0.41454353913656067,0.49302,-0.05567999999999999,0.414390851640991,0.4988434763868739,-0.04421223543002126,0.41451300163744675,3.144,1693530595.2790902,2023-09-01_11-09-55
0.4990333986555791,-0.04099241204821523,0.4127901672083936,0.49254000000000003,-0.054959999999999995,0.41490186719633243,0.4977347189244633,-0.04378592963857218,0.4132125072059814,3.168,1693530595.3034792,2023-09-01_11-09-55
0.4978463322087397,-0.04087605732834418,0.4113747777096323,0.49206,-0.05424,0.4153827257704133,0.4966890657669918,-0.043548845862675344,0.4121763673217885,3.1919999999999997,1693530595.327382,2023-09-01_11-09-55
0.4965882447215638,-0.04104543685700942,0.4100554603195148,0.49158,-0.053519999999999984,0.4158269147927724,0.49558659577725106,-0.04354034948560753,0.41120975121416625,3.216,1693530595.3511724,2023-09-01_11-09-55
0.4953324078908779,-0.04160972210985892,0.40872672801586835,0.49110000000000004,-0.0528,0.41622826272373864,0.49448592631270233,-0.04384777768788714,0.4102270349574424,3.24,1693530595.3752391,2023-09-01_11-09-55
0.4943159397038671,-0.04177243812212707,0.40779816874117664,0.49062,-0.05207999999999999,0.41658097743986566,0.4935767517630937,-0.04383395049770165,0.40955473048091445,3.2640000000000002,1693530595.3997924,2023-09-01_11-09-55
0.4933129067729689,-0.041573822672368456,0.4079570658393631,0.49014,-0.05136,0.41687968233976624,0.49267832541837514,-0.04353105813789476,0.40974158913944375,3.288,1693530595.4236848,2023-09-01_11-09-55
0.4924521413819126,-0.041115527397494155,0.40855537708297196,0.48966,-0.05063999999999998,0.41711944996228456,0.49189371310553015,-0.043020421917995315,0.4102681916588345,3.312,1693530595.4473283,2023-09-01_11-09-55
0.49167514380629074,-0.04040058553945827,0.40867438860993965,0.48918,-0.04991999999999999,0.41729583292318834,0.49117611504503256,-0.042304468431566614,0.41039867747258935,3.3360000000000003,1693530595.4713564,2023-09-01_11-09-55
0.49082966615104723,-0.03939338514804429,0.40871307492524855,0.4887,-0.049199999999999994,0.41740489199192227,0.4904037329208378,-0.041354708118435425,0.4104514383385833,3.3600000000000003,1693530595.4954424,2023-09-01_11-09-55
0.48994792197347076,-0.03824324356499538,0.4087125345331149,0.48822000000000004,-0.04848000000000001,0.41744322114633226,0.48960233757877664,-0.040290594851996306,0.4104586718557584,3.384,1693530595.521532,2023-09-01_11-09-55
0.4888463475907655,-0.03742958700461497,0.4085661650027469,0.48774,-0.04775999999999998,0.4174079694605657,0.4886250780726124,-0.03949566960369197,0.4103345258943107,3.408,1693530595.5439918,2023-09-01_11-09-55
0.487782625543945,-0.03658339074883969,0.40827693521430924,0.48726,-0.04704,0.4172968596994703,0.487678100435156,-0.03867471259907175,0.41008092011134145,3.432,1693530595.5672398,2023-09-01_11-09-55
0.4869976351940199,-0.03597054981048699,0.4077722359440468,0.48678,-0.046319999999999986,0.4171082035116576,0.48695410815521595,-0.03804043984838959,0.409639429457569,3.4560000000000004,1693530595.5914133,2023-09-01_11-09-55
0.4865743708620145,-0.035247636874915896,0.4072054084266692,0.4863,-0.0456,0.4168409131328508,0.48651949668961164,-0.037318109499932715,0.40913250936790546,3.4799999999999995,1693530595.6156845,2023-09-01_11-09-55
0.4863502061139354,-0.03500830917596891,0.40689381372537464,0.48582000000000003,-0.04487999999999999,0.41649450953109746,0.4862441648911483,-0.036982647340775124,0.40881395288651917,3.504,1693530595.639435,2023-09-01_11-09-55
0.4862202823500099,-0.03481626250666671,0.40671845408069784,0.48534,-0.04415999999999999,0.4160691269457777,0.48604422588000795,-0.03668501000533336,0.40858858865371384,3.528,1693530595.6633492,2023-09-01_11-09-55
0.48612571932510795,-0.03476924321281207,0.406582531836466,0.48486,-0.04343999999999999,0.41556551379296414,0.48587257546008633,-0.036503394570249655,0.4083791282277656,3.552,1693530595.6876438,2023-09-01_11-09-55
0.4859719756358758,-0.034820095454675855,0.40635015792349893,0.48438000000000003,-0.04272000000000001,0.41498502993047137,0.48565358050870067,-0.03640007636374068,0.40807713232489345,3.5759999999999996,1693530595.711534,2023-09-01_11-09-55
0.48581559851784545,-0.035051917373356514,0.40630161101186607,0.4839,-0.041999999999999996,0.41432964029675556,0.48543247881427637,-0.03644153389868521,0.40790721686884396,3.5999999999999996,1693530595.7354212,2023-09-01_11-09-55
0.48566170751818405,-0.03510257325216296,0.40606951718243706,0.48342,-0.04128,0.41360190495856647,0.4852133660145473,-0.036338058601730366,0.4075759947376629,3.624,1693530595.7594073,2023-09-01_11-09-55
0.4854367943828952,-0.03486372040802149,0.40575910043940633,0.48294000000000004,-0.04056,0.41280496562280083,0.4849374355063162,-0.03600297632641719,0.4071682734760852,3.648,1693530595.7837276,2023-09-01_11-09-55
0.48536567794387664,-0.03457442588399371,0.40568067779433115,0.48246,-0.03983999999999999,0.41194252868823567,0.4847845423551013,-0.03562754070719497,0.406933047973112,3.672,1693530595.8072684,2023-09-01_11-09-55
0.48525861707901674,-0.034140753443105,0.4055631546878132,0.48198,-0.03912,0.41101884493262353,0.48460289366321335,-0.035136602754484,0.4066542927367752,3.6959999999999997,1693530595.8332052,2023-09-01_11-09-55
0.48511514976709214,-0.033563026963435036,0.40540666422746785,0.48150000000000004,-0.038400000000000004,0.4100386859498922,0.4843921198136737,-0.03453042157074803,0.4063330685719527,3.7199999999999998,1693530595.8572123,2023-09-01_11-09-55
0.48497086217080654,-0.03298587676908071,0.405250410458402,0.48102,-0.03767999999999999,0.4090073174707988,0.48418068973664524,-0.03392470141526457,0.40600179186088137,3.744,1693530595.881493,2023-09-01_11-09-55
0.4847893524615593,-0.0322652509546003,0.40505542626261926,0.48054,-0.03695999999999999,0.40793046971824254,0.48393948196924746,-0.03320420076368023,0.40563043495374396,3.7680000000000002,1693530595.90565,2023-09-01_11-09-55
0.48456985943299963,-0.031401693374725335,0.40482193393105,0.48006000000000004,-0.03624000000000001,0.4068143049654304,0.4836678875463997,-0.03236935469978027,0.4052204081379261,3.792,1693530595.929378,2023-09-01_11-09-55
0.4843485391012376,-0.030539440838232075,0.4045889750711858,0.47958,-0.035519999999999996,0.40566538248113015,0.4833948312809901,-0.03153555267058566,0.40480425655317465,3.816,1693530595.953214,2023-09-01_11-09-55
0.48416226103774535,-0.029642203881881254,0.4042122928639598,0.4791,-0.0348,0.40449062106123396,0.4831498088301963,-0.030673763105505004,0.4042679585034147,3.84,1693530595.978248,2023-09-01_11-09-55
0.48401239269952234,-0.029068959154166418,0.40405765053221304,0.47862,-0.03408,0.403297259359716,0.48293391415961784,-0.030071167323333134,0.4039055722977136,3.8640000000000003,1693530596.002402,2023-09-01_11-09-56
0.48386172095626223,-0.028496298403730753,0.40390324598566885,0.47814,-0.03336,0.4020928142447132,0.4827173767650098,-0.029469038722984602,0.4035411596374777,3.888,1693530596.0253704,2023-09-01_11-09-56
0.4838820435327461,-0.02825529058012381,0.40396075256589775,0.47766000000000003,-0.03264,0.40088503741682574,0.48263763482619687,-0.02913223246409905,0.40334560953608334,3.912,1693530596.049346,2023-09-01_11-09-56
0.48403810088663496,-0.027577146947641504,0.4042682125017169,0.47718,-0.031920000000000004,0.3996818705367476,0.48266648070930795,-0.028445717558113204,0.403350944108723,3.936,1693530596.0735762,2023-09-01_11-09-56
0.4843269849835043,-0.02708631512885238,0.40474961325202596,0.4767,-0.03119999999999999,0.39849139911795517,0.48280158798680345,-0.0279090521030819,0.4034979704252118,3.96,1693530596.100156,2023-09-01_11-09-56
0.48480594060864923,-0.02605776308128149,0.40557949377544805,0.47622000000000003,-0.030480000000000007,0.39732180544733253,0.4830887524869194,-0.026942210465025193,0.40392795610982496,3.984,1693530596.1238227,2023-09-01_11-09-56
0.48490039968884047,-0.025475973838633037,0.40579231300503477,0.47574000000000005,-0.02976000000000001,0.3961813208022861,0.4830683197510724,-0.026332779070906434,0.403870114564485,4.008,1693530596.1480334,2023-09-01_11-09-56
0.48484125307328496,-0.024948517560821077,0.40577329603751217,0.47526,-0.029039999999999996,0.39507817723702815,0.48292500245862796,-0.02576681404865686,0.4036342722774154,4.032,1693530596.1731231,2023-09-01_11-09-56
0.4848382984284523,-0.02432258565369426,0.4058511757158057,0.47478,-0.028319999999999998,0.39402055921330637,0.4828266387427618,-0.02512206852295541,0.40348505241530586,4.056,1693530596.1956184,2023-09-01_11-09-56
0.4849476449214853,-0.02349906027905544,0.4061229668092858,0.4743,-0.027600000000000013,0.3930165553518662,0.48281811593718826,-0.024319248223244355,0.40350168451780183,4.08,1693530596.220658,2023-09-01_11-09-56
0.4849989013695182,-0.02277428077117389,0.4062982764907882,0.47382,-0.02688,0.39207411058039343,0.48276312109561453,-0.02359542461693911,0.4034534433087093,4.104,1693530596.243447,2023-09-01_11-09-56
0.48508856513978205,-0.02219197910996359,0.4065123612195342,0.47334,-0.026160000000000003,0.3912009789515601,0.4827388521118256,-0.022985583287970873,0.40345008476593935,4.128,1693530596.267622,2023-09-01_11-09-56
0.4851213062547573,-0.021708691510602895,0.40662960125070596,0.47286,-0.02543999999999999,0.3904046774011233,0.48266904500380586,-0.022454953208482314,0.4033846164807894,4.152,1693530596.2915568,2023-09-01_11-09-56
0.48504155298690865,-0.02142384333653561,0.4065527322046769,0.47238,-0.02472000000000002,0.38969244071081854,0.4825092423895269,-0.022083074669228493,0.40318067390590523,4.176,1693530596.3156369,2023-09-01_11-09-56
0.48507341684566196,-0.02094067540829119,0.40667014781695043,0.47190000000000004,-0.023999999999999994,0.38907117793407,0.4824387334765296,-0.021552540326632952,0.40315035384037434,4.2,1693530596.339472,2023-09-01_11-09-56
0.4852717007411461,-0.020159347228882178,0.407079433286899,0.47142,-0.023279999999999995,0.388547430534358,0.4825013605929169,-0.02078347778310574,0.4033730327363908,4.224,1693530596.3636224,2023-09-01_11-09-56
0.48552352147740196,-0.01927769679241801,0.4075869017910406,0.47094,-0.022559999999999997,0.38812733247647807,0.4826068171819216,-0.019934157433934407,0.40369498792812814,4.248,1693530596.3890355,2023-09-01_11-09-56
0.48574616586068453,-0.018010875326825156,0.40811628186032367,0.47046,-0.02184,0.3878165724999503,0.4826889326885476,-0.018776700261460125,0.40405633998824897,4.272,1693530596.4117563,2023-09-01_11-09-56
0.48586863578527006,-0.016701037431174046,0.40851091337422724,0.46998,-0.02112,0.3876203587915623,0.48269090862821606,-0.017584829944939238,0.4043328024576942,4.295999999999999,1693530596.435288,2023-09-01_11-09-56
0.4858490930056504,-0.015207601930678287,0.408732142094071,0.46950000000000003,-0.0204,0.38754338626051554,0.48257927440452025,-0.01624608154454263,0.40449439092735984,4.32,1693530596.459569,2023-09-01_11-09-56
0.4858779313381216,-0.013614559712999673,0.40905252833189326,0.46902,-0.019680000000000003,0.38758980660496933,0.48250634507049733,-0.01482764777039974,0.4047599839865085,4.344,1693530596.483652,2023-09-01_11-09-56
0.4857407831064726,-0.012323826079268265,0.40907968202488443,0.46854,-0.018960000000000005,0.3877632013430347,0.4823006264851781,-0.013651060863414614,0.4048163858885145,4.368,1693530596.5074775,2023-09-01_11-09-56
0.48558981796958023,-0.011276159458671014,0.4090474343490668,0.46806000000000003,-0.018240000000000034,0.3880665579645311,0.48208385437566414,-0.012668927566936817,0.4048512590721597,4.3919999999999995,1693530596.531546,2023-09-01_11-09-56
0.48533051399017435,-0.010431071366274167,0.4088193411612305,0.46758,-0.017520000000000008,0.3885022493421999,0.48178041119213943,-0.011848857093019334,0.4047559227974244,4.416,1693530596.5555322,2023-09-01_11-09-56
0.4851131097876207,-0.00972788880978638,0.40862964993317397,0.4671,-0.01680000000000001,0.38907201652264845,0.4815104878300966,-0.011142311047829107,0.4047181232510689,4.44,1693530596.5794103,2023-09-01_11-09-56
0.4848506500694231,-0.008885341293454484,0.4084024845104235,0.46662000000000003,-0.016079999999999983,0.3897769549982002,0.4812045200555385,-0.010324273034763583,0.40467737860797887,4.464,1693530596.6038237,2023-09-01_11-09-56
0.4845864794917165,-0.008044183657522566,0.40817582568578725,0.46614,-0.015360000000000013,0.3906175045411447,0.4808971835933732,-0.009507346926018054,0.40466416145685874,4.4879999999999995,1693530596.627625,2023-09-01_11-09-56
0.4843206054307376,-0.007204418771588131,0.407949673834242,0.46566,-0.014640000000000014,0.3915934426617349,0.4805884843445901,-0.008691535017270506,0.4046784275997406,4.512,1693530596.651561,2023-09-01_11-09-56
0.4839721552571538,-0.006263404242771116,0.4078307242617772,0.46518000000000004,-0.013919999999999988,0.3927038817307837,0.48021372420572306,-0.00779472339421689,0.4048053557555785,4.536,1693530596.6756163,2023-09-01_11-09-56
0.4837027671538973,-0.005426680195943546,0.4076056446619907,0.4647,-0.01319999999999999,0.39394726978697436,0.4799022137231178,-0.006981344156754834,0.40487396968698747,4.5600000000000005,1693530596.6994066,2023-09-01_11-09-56
0.4833146204546739,-0.004526193147478491,0.40763196787637995,0.46422,-0.012480000000000019,0.39532139502815244,0.47949569636373907,-0.006116954517982796,0.4051698533067345,4.584,1693530596.7236793,2023-09-01_11-09-56
0.4829605207433664,-0.003590689049817671,0.4075146891117586,0.46374000000000004,-0.011759999999999993,0.39682339396501415,0.4791164165946931,-0.005224551239854136,0.4053764300824097,4.608,1693530596.7474802,2023-09-01_11-09-56
0.48247690437474516,-0.0024171416111039346,0.40746756459596734,0.46326,-0.011039999999999994,0.3984497631948734,0.47863352349979615,-0.004141713288883146,0.4056640043157485,4.632,1693530596.7715006,2023-09-01_11-09-56
0.4818119252342209,-0.0014314327438551939,0.4081397490600036,0.46278,-0.010319999999999968,0.40019637473269953,0.4780055401873767,-0.0032091461950841484,0.4065510741945428,4.656000000000001,1693530596.7953613,2023-09-01_11-09-56
0.48109245616132124,-0.0008714169441632409,0.40945756139101486,0.4623,-0.009599999999999997,0.40205849481647155,0.477333964929057,-0.0026171335553305916,0.4079777480761062,4.680000000000001,1693530596.819347,2023-09-01_11-09-56
0.4803320018651297,-0.0003491389486223865,0.41091344579269157,0.46182,-0.008879999999999999,0.404030806084224,0.47662960149210376,-0.0020553111588979085,0.40953691785099805,4.704,1693530596.8434727,2023-09-01_11-09-56
0.4794551364538107,6.255105110908711e-05,0.4127901412472807,0.46134000000000003,-0.00816,0.4061074330010631,0.4758321091630486,-0.0015819591591127301,0.4114535995980372,4.728,1693530596.8676162,2023-09-01_11-09-56
0.4783430806240069,0.0002556971170479125,0.4155061087814113,0.46086,-0.007439999999999974,0.40828197039602776,0.4748464644992055,-0.0012834423063616644,0.4140612811043346,4.752,1693530596.8914273,2023-09-01_11-09-56
0.4771503331287229,3.300651648796755e-05,0.41883994873227604,0.46038,-0.006720000000000004,0.41054751495105,0.4737962665029783,-0.0013175947868096264,0.4171814619760309,4.776,1693530596.9155486,2023-09-01_11-09-56
0.4759024569351459,-0.0005651778640321012,0.42264096929519196,0.45990000000000003,-0.006000000000000005,0.41289669946755625,0.4727019655481167,-0.0016521422912256817,0.42069211532966483,4.8,1693530596.9393945,2023-09-01_11-09-56
0.47474625013931615,-0.001049528793309688,0.4259965894157284,0.45942,-0.005280000000000007,0.4153217297205051,0.471681000111453,-0.0018956230346477516,0.4238616174766837,4.824,1693530596.9645567,2023-09-01_11-09-56
0.4735190491004939,-0.001221461354893511,0.4291153229492369,0.45894,-0.004559999999999981,0.4178144236950065,0.4706032392803951,-0.0018891690839148048,0.42685514309839084,4.848,1693530596.987489,2023-09-01_11-09-56
0.471878859081502,-0.0010237736253327896,0.43274178302051364,0.45846000000000003,-0.0038399999999999823,0.4203662529871686,0.46919508726520165,-0.001587018900266228,0.4302666770138446,4.872,1693530597.0112998,2023-09-01_11-09-57
0.47038883522121727,-0.0006837592134198554,0.435793537016045,0.45798,-0.0031200000000000117,0.42296838613855114,0.46790706817697386,-0.0011710073707358864,0.43322850684054626,4.896,1693530597.035403,2023-09-01_11-09-57
0.46901792758374433,9.91240341909519e-05,0.4380737920306544,0.4575,-0.0024000000000000132,0.4256117336626542,0.46671434206699547,-0.00040070077264724104,0.43558138035705435,4.92,1693530597.0599756,2023-09-01_11-09-57
0.4675924250554496,0.0010124275446008648,0.44029965941027427,0.45702,-0.001679999999999987,0.4282869945122823,0.4654779400443597,0.0004739420356806946,0.43789712643067585,4.944,1693530597.0834537,2023-09-01_11-09-57
0.4661648137209806,0.002591180361042723,0.44182897676769733,0.45654,-0.0009599999999999886,0.4309847037284575,0.4642398509767845,0.0018809442888341808,0.4396601221598494,4.968,1693530597.1098335,2023-09-01_11-09-57
0.4649629864165324,0.004267203186693567,0.4424582966625023,0.45606,-0.00024000000000001798,0.43369528100486393,0.46318238913322596,0.00336576254935485,0.4407056935309746,4.992,1693530597.1334224,2023-09-01_11-09-57
0.4636163358814733,0.006391075930273394,0.4432023950983923,0.45622,0.0004800000000000082,0.43640907989661376,0.4621370687051786,0.005208860744218717,0.4418437320580367,5.016,1693530597.1578274,2023-09-01_11-09-57
0.46266903204197984,0.008149495926013774,0.4434351603700412,0.4567,0.0012000000000000066,0.43911643739847683,0.46147522563358384,0.006759596740811021,0.44257141577572834,5.04,1693530597.1815844,2023-09-01_11-09-57
0.46194291084853173,0.009741793734568096,0.44334852469283015,0.45718,0.0019199999999999773,0.44180772361562387,0.4609903286788254,0.008177434987654473,0.4430403644773889,5.064,1693530597.2054114,2023-09-01_11-09-57
0.4612592498813062,0.010868359961831456,0.4436345694071978,0.45766,0.0026400000000000035,0.44447339124940205,0.46053939990504494,0.009222687969465166,0.44380233377563866,5.088,1693530597.2318597,2023-09-01_11-09-57
0.4607114308166319,0.01160230002747549,0.44403019251685816,0.45814,0.003360000000000002,0.4471040246217195,0.4601971446533055,0.009953840021980393,0.44464495893783046,5.112,1693530597.2536879,2023-09-01_11-09-57
0.4603461357819834,0.011981082530570682,0.4444047718714987,0.45862,0.0040799999999999725,0.44969038796422106,0.4600009086255867,0.01040086602445654,0.4454618950900432,5.135999999999999,1693530597.2775812,2023-09-01_11-09-57
0.46011914746208477,0.011807836420823213,0.44505579712913546,0.4591,0.004799999999999999,0.45222347270261054,0.45991531796966784,0.01040626913665857,0.4464893322438305,5.16,1693530597.3015628,2023-09-01_11-09-57
0.45993684423513553,0.01166939956074024,0.4455758954511129,0.45958,0.005519999999999997,0.4546945434721622,0.4598654753881084,0.010439519648592192,0.44739962505532277,5.183999999999999,1693530597.325586,2023-09-01_11-09-57
0.4597997025194013,0.011565665401685226,0.4459655477363479,0.46006,0.006240000000000023,0.4570951826076615,0.459851762015521,0.010500532321348186,0.44819147471061066,5.208,1693530597.3495913,2023-09-01_11-09-57
0.4597080779147432,0.011496553861289366,0.4462251151064792,0.46054,0.006959999999999994,0.4594173328596497,0.45987446233179463,0.010589243089031492,0.4488635586571133,5.232,1693530597.3735728,2023-09-01_11-09-57
0.4595243575735685,0.011358437853848281,0.4467437675771019,0.46102,0.007679999999999992,0.46165333809890663,0.4598234860588548,0.010622750283078623,0.4497256816814628,5.255999999999999,1693530597.3974397,2023-09-01_11-09-57
0.45934059473522215,0.0113840656082991,0.44709545612856044,0.4615,0.008400000000000019,0.4637959817824963,0.4597724757881777,0.010787252486639283,0.45043556125934764,5.28,1693530597.4214635,2023-09-01_11-09-57
0.4592944751333761,0.011349579032713764,0.44722489158128287,0.46198,0.00911999999999999,0.4658385229673873,0.4598315801067009,0.01090366322617101,0.4509476178585038,5.304,1693530597.4458768,2023-09-01_11-09-57
0.4591558823380958,0.011246172916538254,0.44761295643550364,0.46246000000000004,0.009840000000000015,0.4677747296715499,0.4598167058704767,0.010964938333230607,0.4516453110827129,5.328,1693530597.4769843,2023-09-01_11-09-57
0.4590169392421537,0.011142847282857436,0.4480006588621576,0.46294,0.010560000000000014,0.4695989093974633,0.459801551393723,0.011026277826285952,0.4523203089692187,5.352,1693530597.493508,2023-09-01_11-09-57
0.45883113838814027,0.011005205113700409,0.44851703127577675,0.46342,0.011279999999999984,0.47130593664903525,0.4597489107105122,0.011060164090960323,0.45307481235042846,5.3759999999999994,1693530597.5189834,2023-09-01_11-09-57
0.45836896795040577,0.011151431233670916,0.44930820424973994,0.46390000000000003,0.01200000000000001,0.47289127728997166,0.4594751743603246,0.011321144986936734,0.4540248188577862,5.4,1693530597.5437932,2023-09-01_11-09-57
0.4577647350673998,0.011194558655443335,0.4504822582849228,0.46438,0.012720000000000009,0.4743510096095191,0.45908778805391987,0.01149964692435467,0.45525600854984205,5.4239999999999995,1693530597.5723515,2023-09-01_11-09-57
0.45720744013425757,0.011434716451597013,0.4513591417799125,0.46486,0.01343999999999998,0.475681841980156,0.4587379521074061,0.011835773161277607,0.4562236818199612,5.4479999999999995,1693530597.5914361,2023-09-01_11-09-57
0.45669846216241083,0.011870990737169124,0.45194090032811807,0.46534000000000003,0.014160000000000006,0.4768811270111045,0.4584267697299287,0.0123287925897353,0.45692894566471537,5.472,1693530597.6156156,2023-09-01_11-09-57
0.4560510009019123,0.012527795138395812,0.4525744114455181,0.46582,0.014880000000000004,0.47794687212137743,0.4580048007215298,0.012998236110716651,0.45764890358069,5.4959999999999996,1693530597.6395392,2023-09-01_11-09-57
0.455637347779442,0.013191634842747862,0.45273434343695496,0.46630000000000005,0.015600000000000003,0.4788777464763496,0.4577698782235536,0.01367330787419829,0.45796302404483386,5.5200000000000005,1693530597.663903,2023-09-01_11-09-57
0.45522469162101553,0.014015447102775639,0.45273005246877923,0.46678000000000003,0.01632,0.47967308425242594,0.4575357532968124,0.014476357682220511,0.45811865882550856,5.5440000000000005,1693530597.6875582,2023-09-01_11-09-57
0.4548107476833816,0.014837131047079833,0.45272585024274115,0.46726,0.01704,0.4803328842151647,0.45730059814670526,0.015277704837663867,0.45824725703722585,5.568,1693530597.7115824,2023-09-01_11-09-57
0.45448852612878454,0.015564254608162405,0.45263172936320584,0.46774000000000004,0.017759999999999998,0.4808578056170783,0.45713882090302765,0.016003403686529923,0.4582769446139803,5.5920000000000005,1693530597.7357776,2023-09-01_11-09-57
0.45425828039561866,0.01619766373223161,0.45244779201274193,0.46822,0.018479999999999996,0.4812491604421579,0.4570506243164949,0.016654130985785286,0.4582080656986251,5.616,1693530597.7599175,2023-09-01_11-09-57
0.45421211875856937,0.01632422522988386,0.452411031357948,0.4687,0.019199999999999995,0.4815089020448367,0.4571096950068555,0.016899380183907086,0.4582306054953258,5.64,1693530597.7848992,2023-09-01_11-09-57
0.45421211875856937,0.01632422522988386,0.452411031357948,0.46918000000000004,0.019919999999999993,0.48163961025150087,0.4572056950068555,0.017043380183907088,0.4582567471366586,5.664,1693530597.8074713,2023-09-01_11-09-57
0.45421211875856937,0.01632422522988386,0.452411031357948,0.46966,0.02063999999999999,0.481644473012659,0.4573016950068555,0.017187380183907086,0.45825771968889023,5.688,1693530597.833185,2023-09-01_11-09-57
0.45421211875856937,0.01632422522988386,0.452411031357948,0.47014,0.021360000000000018,0.4815272647133813,0.4573976950068555,0.01733138018390709,0.4582342780290347,5.712000000000001,1693530597.8573325,2023-09-01_11-09-57
0.45416591969960074,0.01645074660167672,0.452374279650045,0.47062000000000004,0.02207999999999999,0.4812923212685045,0.45745673575968054,0.017576597281341373,0.45815788797373685,5.736,1693530597.87957,2023-09-01_11-09-57
0.454073409444241,0.01670366893903819,0.4523008030893642,0.4711,0.022799999999999987,0.4809445121472611,0.4574787275553928,0.01792293515123055,0.45802954490094355,5.76,1693530597.9034588,2023-09-01_11-09-57
0.45398074988616677,0.016956430687205475,0.45222736235955346,0.47158,0.023520000000000013,0.48048920948933205,0.45750059990893344,0.01826914454976438,0.45787973178550917,5.784000000000001,1693530597.9276028,2023-09-01_11-09-57
0.4539343641987882,0.017082751322573593,0.45219065544021864,0.47206000000000004,0.024239999999999984,0.4799322544907326,0.45755949135903057,0.01851420105805887,0.4577389752503214,5.808,1693530597.951743,2023-09-01_11-09-57
0.4538879412819339,0.017209031789358203,0.45215395748938425,0.47254,0.02496000000000001,0.47927992125334495,0.4576183530255471,0.018759225431486563,0.4575791502421764,5.832000000000001,1693530597.976801,2023-09-01_11-09-57
0.45393461667813073,0.01724345858383118,0.4520271891635183,0.47302,0.02568000000000001,0.4785388783062031,0.45775169334250454,0.018930766867064946,0.45732952699205526,5.856,1693530597.999454,2023-09-01_11-09-57
0.4540278561063128,0.017473057748355836,0.4516099809560274,0.47350000000000003,0.02639999999999998,0.4777161480197441,0.4579222848850502,0.019258446198684664,0.4568312143687708,5.88,1693530598.0237665,2023-09-01_11-09-58
0.45393398548000147,0.01804673026009346,0.4512095974160272,0.47398,0.027120000000000005,0.4768190641460952,0.45794318838400117,0.01986138420807477,0.45633149076204077,5.904,1693530598.0477376,2023-09-01_11-09-58
0.45388415499611795,0.018814975185899425,0.45051867843074,0.47446,0.027840000000000004,0.4758552277289843,0.45799932399689436,0.02061998014871954,0.4555859882903889,5.928,1693530598.0714946,2023-09-01_11-09-58
0.4539689438388479,0.019686588828865384,0.449445831356552,0.47494000000000003,0.028559999999999974,0.4748324616360029,0.45816315507107835,0.021461271063092303,0.45452315741244215,5.952,1693530598.095412,2023-09-01_11-09-58
0.4541340709016195,0.0209483815576344,0.4477885497178083,0.47542,0.02928,0.4737587639736509,0.4583912567212956,0.02261470524610752,0.4529825925689768,5.976,1693530598.1196105,2023-09-01_11-09-58
0.45427112842913353,0.022594440825705064,0.4460239917582788,0.4759,0.03,0.47264226065180626,0.45859690274330683,0.02407555266056405,0.4513476455369843,6.0,1693530598.1436408,2023-09-01_11-09-58
0.45442046769922906,0.024755400075772767,0.4436337277767066,0.47638,0.030720000000000025,0.47149115736896746,0.45881237415938325,0.02594832006061822,0.4492052136951588,6.024000000000001,1693530598.1679726,2023-09-01_11-09-58
0.45471554054137125,0.02696037748371686,0.44111078851445357,0.47686,0.031439999999999996,0.4703136912927756,0.45914443243309705,0.027856301986973486,0.44695136907011795,6.048,1693530598.191661,2023-09-01_11-09-58
0.45554053255542976,0.02979097397794065,0.4386734291429422,0.47734,0.032159999999999994,0.4691180827119128,0.45990042604434384,0.030264779182352517,0.44476235985673634,6.071999999999999,1693530598.2159343,2023-09-01_11-09-58
0.4574364576328348,0.032859945502633554,0.43619140661831596,0.47782,0.03288000000000002,0.4679124869355063,0.4615131661062678,0.03286395640210685,0.44253562268175406,6.096,1693530598.2396116,2023-09-01_11-09-58
0.4598325944762905,0.036818796630426684,0.4338279835578873,0.4783,0.03359999999999999,0.46670494671462115,0.46352607558103237,0.036175037304341344,0.4404033761892341,6.12,1693530598.2634969,2023-09-01_11-09-58
0.46246965349630137,0.041503469495095244,0.4317495871039017,0.47878,0.03431999999999999,0.46550334545731703,0.4657317227970411,0.040066775596076194,0.4385003387745848,6.143999999999999,1693530598.2873836,2023-09-01_11-09-58
0.464943336508381,0.04606069582234809,0.42981187207403826,0.47926,0.035040000000000016,0.46431536150409664,0.4678066692067048,0.04385655665787847,0.4367125699600499,6.168,1693530598.3117185,2023-09-01_11-09-58
0.4673770096450485,0.050462824425561,0.4271343422595354,0.47974,0.035759999999999986,0.4631484237244097,0.46984960771603884,0.0475222595404488,0.43433715855251026,6.192,1693530598.3357744,2023-09-01_11-09-58
0.4694073662758603,0.05425560416183203,0.424846598551015,0.48022000000000004,0.03648000000000001,0.462009668687222,0.4715698930206883,0.05070048332946563,0.43227921257825636,6.216,1693530598.3616464,2023-09-01_11-09-58
0.4708518619008724,0.05699298863804005,0.4230805403939742,0.4807,0.03720000000000001,0.4609058996495789,0.47282148952069797,0.05303439091043205,0.43064561224509507,6.24,1693530598.385569,2023-09-01_11-09-58
0.4718732699713905,0.058811672804401686,0.4212902691312541,0.48118,0.03791999999999998,0.45984354759661616,0.47373461597711236,0.054633338243521345,0.42900092482432656,6.263999999999999,1693530598.4098387,2023-09-01_11-09-58
0.47281642995122114,0.060221257257525855,0.4185540060817121,0.48166000000000003,0.03864000000000001,0.4588286345546703,0.4745851439609769,0.05590500580602069,0.4266089317763037,6.288,1693530598.4361575,2023-09-01_11-09-58
0.47327874253975505,0.060758405192074164,0.41656913556464903,0.48214,0.039360000000000006,0.4578667393860856,0.47505099403180406,0.05647872415365933,0.4248286563289363,6.311999999999999,1693530598.4574094,2023-09-01_11-09-58
0.4734739121333648,0.060988793240471725,0.41571618435107505,0.48262000000000005,0.040080000000000005,0.4569629662600615,0.47530312970669186,0.056807034592377376,0.42396554073287235,6.336,1693530598.4814057,2023-09-01_11-09-58
0.4735062666638271,0.06102720167313426,0.4155738924135734,0.48310000000000003,0.0408,0.4561219159785457,0.4754250133310617,0.05698176133850741,0.42368349712656783,6.36,1693530598.505552,2023-09-01_11-09-58
0.4735385714671258,0.061065613064604174,0.41543156239664397,0.48358,0.04152,0.4553476603198005,0.4755468571737006,0.05715649045168334,0.4234147819812753,6.3839999999999995,1693530598.5317633,2023-09-01_11-09-58
0.4735385714671258,0.061065613064604174,0.41543156239664397,0.48406000000000005,0.04224,0.4546437195449893,0.47564285717370064,0.05730049045168334,0.42327399382631303,6.408,1693530598.5555553,2023-09-01_11-09-58
0.4735385714671258,0.061065613064604174,0.41543156239664397,0.48454,0.042960000000000026,0.45401304319500685,0.4757388571737006,0.057444490451683344,0.42314785855631654,6.432,1693530598.5796943,2023-09-01_11-09-58
0.4735385714671258,0.061065613064604174,0.41543156239664397,0.48502,0.043680000000000024,0.45345799428594546,0.4758348571737006,0.05758849045168334,0.42303684877450426,6.4559999999999995,1693530598.6044962,2023-09-01_11-09-58
0.47344304654314495,0.06142128744200358,0.4154643246289959,0.48550000000000004,0.044399999999999995,0.4529803369921296,0.475854437234516,0.05801702995360286,0.4229675271016226,6.48,1693530598.6279027,2023-09-01_11-09-58
0.47347645545951234,0.06152724152107907,0.4155660366114513,0.48598,0.04511999999999999,0.45258122788569927,0.4759771643676099,0.05824579321686326,0.42296907486630086,6.504,1693530598.6516035,2023-09-01_11-09-58
0.47347645545951234,0.06152724152107907,0.4155660366114513,0.48646,0.04584000000000002,0.4522612107813693,0.4760731643676099,0.058389793216863266,0.4229050714454349,6.5280000000000005,1693530598.6755693,2023-09-01_11-09-58
0.4735098151823032,0.06163321781737981,0.4156677801038048,0.48694000000000004,0.04655999999999999,0.4520202152143706,0.47619585214584254,0.05861857425390384,0.4229382671259179,6.552,1693530598.699831,2023-09-01_11-09-58
0.4735763869143365,0.06184523700955095,0.4158713615892736,0.48742,0.04727999999999999,0.45185755855879356,0.47634510953146925,0.05893218960764075,0.4230686009831776,6.576,1693530598.7239943,2023-09-01_11-09-58
0.47360959885716586,0.06195127987933288,0.41597319956788736,0.48790000000000006,0.048000000000000015,0.45177195177273766,0.4764676790857327,0.05916102390346631,0.4231329500088574,6.6000000000000005,1693530598.7475405,2023-09-01_11-09-58
0.47370893859439384,0.06226954142663457,0.4162789023599384,0.48838000000000004,0.04872000000000004,0.45176150873592164,0.47664315087551506,0.05955963314130766,0.4233754236351351,6.624,1693530598.7714777,2023-09-01_11-09-58
0.4738735158594283,0.06280041967882509,0.4167890360951743,0.48886,0.04944000000000001,0.45182375912486655,0.4768708126875426,0.06012833574306008,0.4237959807011128,6.648,1693530598.7957711,2023-09-01_11-09-58
0.4740043111309578,0.06356292964600947,0.4173676130448166,0.48934,0.05016000000000001,0.45195566475053045,0.47707144890476627,0.06088234371680758,0.4242852233859594,6.672000000000001,1693530598.8198419,2023-09-01_11-09-58
0.4742624568111118,0.06441450340676329,0.4181868948317994,0.48982000000000003,0.05087999999999998,0.45215363926346636,0.47737396544888944,0.06170760272541062,0.4249802437181328,6.696,1693530598.8439698,2023-09-01_11-09-58
0.47454658955683043,0.06571230551469492,0.41928190192920883,0.4903,0.05160000000000001,0.45241357111231667,0.4776972716454643,0.06288984441175594,0.4259082357658304,6.720000000000001,1693530598.8675537,2023-09-01_11-09-58
0.4748240237827513,0.06701259415905317,0.4203805058481965,0.49078,0.052320000000000005,0.4527308496228406,0.47801521902620103,0.06407407532724253,0.42685057460312525,6.744,1693530598.8919637,2023-09-01_11-09-58
0.4751912556755732,0.06829817720571817,0.4216212086998077,0.49126000000000003,0.053039999999999976,0.4531003940468188,0.4784050045404586,0.06524654176457453,0.4279170457692099,6.768,1693530598.9159548,2023-09-01_11-09-58
0.47566942648894867,0.0700170697103715,0.42328243527012915,0.49174,0.05376,0.4535166854131814,0.47888354119115895,0.0667656557682972,0.4293292852987396,6.792,1693530598.9395423,2023-09-01_11-09-58
0.4760769733886967,0.0715255424027633,0.4247425058352669,0.49222000000000005,0.05448000000000003,0.45397380099766294,0.4793055787109573,0.06811643392221065,0.4305887648677461,6.816,1693530598.9636524,2023-09-01_11-09-58
0.4764462564151919,0.07292994336618548,0.4261036944896699,0.4927,0.05520000000000003,0.4544654512122927,0.4796970051321535,0.06938395469294839,0.4317760458341944,6.840000000000001,1693530598.987596,2023-09-01_11-09-58
0.4767792447172291,0.07422942757230838,0.4273647825600575,0.49318,0.05592,0.45498501870216346,0.4800593957737833,0.07056754205784671,0.4328888297884787,6.864,1693530599.0117226,2023-09-01_11-09-59
0.4770777809328618,0.07542322551946097,0.42852465127011946,0.49366,0.056639999999999996,0.45552559942427157,0.4803942247462894,0.07166658041556877,0.4339248409009499,6.888,1693530599.035517,2023-09-01_11-09-59
0.4772908448812728,0.07629299515415912,0.429370511002979,0.49414,0.05736000000000002,0.4560800454718425,0.4806606759050182,0.0725063961233273,0.4347124178967517,6.912000000000001,1693530599.0595763,2023-09-01_11-09-59
0.4775427092362776,0.07693107463491608,0.43014790055640545,0.49462,0.05807999999999999,0.45664100939754176,0.48095816738902214,0.07316085970793286,0.4354465223246327,6.936,1693530599.083845,2023-09-01_11-09-59
0.4777572114451275,0.0770098442528073,0.4305376758695445,0.4951,0.05879999999999999,0.45720098978034196,0.481225769156102,0.07336787540224583,0.435870338651704,6.959999999999999,1693530599.1084554,2023-09-01_11-09-59
0.47789361435971756,0.07676149008775265,0.4306091323020837,0.49558,0.05952000000000002,0.4577523777736557,0.481430891487774,0.07331319207020212,0.4360377813963981,6.984,1693530599.1316423,2023-09-01_11-09-59
0.47802987764887295,0.07651295344873688,0.4306806327533089,0.49606,0.060240000000000016,0.4582875043666708,0.48163590211909835,0.0732583627589895,0.43620200707598134,7.008,1693530599.1576333,2023-09-01_11-09-59
0.4780979568492204,0.07638861671465252,0.430716399479403,0.49654000000000004,0.060960000000000014,0.4587986880866762,0.48178636547937637,0.07330289337172202,0.4363328572008576,7.032,1693530599.1814754,2023-09-01_11-09-59
0.4781660010415687,0.07626423437790644,0.430752177202327,0.49702,0.06168000000000001,0.4592782828675717,0.48193680083325496,0.07334738750232515,0.43645739833537595,7.056,1693530599.2056584,2023-09-01_11-09-59
0.4783281122566212,0.07612441209037517,0.4309300302995649,0.4975,0.06239999999999998,0.4597187258087275,0.48216248980529697,0.07337952967230013,0.4366877694013974,7.08,1693530599.2297032,2023-09-01_11-09-59
0.4784901287069752,0.07598445093407985,0.43110799056532273,0.49798000000000003,0.06312000000000001,0.4601125845488908,0.4823881029655802,0.07341156074726388,0.43690890936203636,7.104,1693530599.2536006,2023-09-01_11-09-59
0.47870412659074923,0.0760626978869943,0.43149886461812476,0.49846,0.06384000000000001,0.46045260398195503,0.48265530127259937,0.07361815830959544,0.4372896124908908,7.128,1693530599.2776942,2023-09-01_11-09-59
0.47883336815908784,0.07660892032126254,0.43203141012686563,0.49894,0.06455999999999998,0.460731752045061,0.48285469452727026,0.07419913625701002,0.43777147851050474,7.151999999999999,1693530599.3016636,2023-09-01_11-09-59
0.4791990797441746,0.07734416904604408,0.4330639211795807,0.49942000000000003,0.06528,0.4609432643147063,0.48324326379533966,0.07493133523683526,0.43863978980660584,7.176,1693530599.3263555,2023-09-01_11-09-59
0.47964761899852404,0.0783394513410417,0.4341711120656522,0.4999,0.066,0.46108068715323663,0.48369809519881923,0.07587156107283337,0.43955302708316907,7.199999999999999,1693530599.3497655,2023-09-01_11-09-59
0.480364223779969,0.07931475878756622,0.4350345481571481,0.50038,0.06672,0.46113791915627145,0.4843673790239752,0.07679580703005297,0.44025522235697273,7.224,1693530599.373582,2023-09-01_11-09-59
0.4811222024323557,0.08005781595796146,0.43583077550344196,0.50086,0.06744,0.46110925066120617,0.4850697619458846,0.07753425276636917,0.44088647053499475,7.248,1693530599.3979738,2023-09-01_11-09-59
0.48202192382403786,0.08075593911094701,0.43638115856720194,0.50134,0.06816,0.4609894010878928,0.48588553905923026,0.07823675128875761,0.4413028070713401,7.271999999999999,1693530599.421849,2023-09-01_11-09-59
0.4829954536524899,0.08153401942609895,0.4366478232635017,0.50182,0.06888,0.4607735538948711,0.48676036292199193,0.07900321554087916,0.4414729693897756,7.296,1693530599.4457753,2023-09-01_11-09-59
0.484019882281046,0.0822810867531861,0.4365194930540349,0.5023,0.0696,0.4604573889480156,0.4876759058248368,0.07974486940254888,0.4413070722328311,7.32,1693530599.4694898,2023-09-01_11-09-59
0.4849275507396543,0.08293278047923712,0.43613522273605254,0.50278,0.07032000000000002,0.4600371121131274,0.48849804059172347,0.08041022438338971,0.44091560061146756,7.344,1693530599.4939067,2023-09-01_11-09-59
0.4859657046962398,0.08314942786365306,0.43545803213113166,0.50326,0.07103999999999999,0.4595094818997326,0.48942456375699184,0.08072754229092245,0.44026832208485184,7.368,1693530599.5176775,2023-09-01_11-09-59
0.48705039963878116,0.08312714541689753,0.4347037070005152,0.5037400000000001,0.07175999999999999,0.4588718330000645,0.4903883197110249,0.08085371633351801,0.43953733220042507,7.3919999999999995,1693530599.5415893,2023-09-01_11-09-59
0.48825452346492615,0.08294260455832442,0.433579820697913,0.50422,0.07248000000000002,0.4581220965848214,0.49144761877194093,0.08085008364665953,0.4384882758752947,7.416,1693530599.5658555,2023-09-01_11-09-59
0.48936174757170126,0.0825130160208311,0.43167822136178946,0.5047,0.07319999999999999,0.4572588172356911,0.49242939805736097,0.08065041281666488,0.4367943405365698,7.4399999999999995,1693530599.5896268,2023-09-01_11-09-59
0.49030931872256944,0.08261393333605359,0.42961973489242317,0.50518,0.07391999999999999,0.4562811664137175,0.49328345497805554,0.08087514666884286,0.434952021196682,7.4639999999999995,1693530599.6147778,2023-09-01_11-09-59
0.4911074194040398,0.08276320493775038,0.42780952359855473,0.50566,0.07464000000000001,0.45518895238225326,0.49401793552323187,0.0811385639502003,0.43328540935529447,7.488,1693530599.6376557,2023-09-01_11-09-59
0.4918525766324155,0.0831515975297192,0.4260650318681077,0.50614,0.07535999999999998,0.45398262652337035,0.49471006130593237,0.08159327802377536,0.4316485507991602,7.512,1693530599.6615202,2023-09-01_11-09-59
0.49278066427009515,0.08371427809398103,0.42427183655027906,0.5066200000000001,0.07608000000000001,0.45266328600708283,0.49554853141607613,0.08218742247518482,0.4299501264416398,7.5360000000000005,1693530599.6856253,2023-09-01_11-09-59
0.49372008542014134,0.08446214037558454,0.42284009323060046,0.5071,0.07680000000000001,0.45123267279345647,0.4963960683361131,0.08292971230046764,0.4285186091431717,7.5600000000000005,1693530599.7099283,2023-09-01_11-09-59
0.49513812147675035,0.08533779411691182,0.4218006279461049,0.50758,0.07751999999999998,0.4496931689685096,0.4976264971814003,0.08377423529352945,0.42737913615058587,7.584,1693530599.7337244,2023-09-01_11-09-59
0.4966768157670156,0.08631079918030686,0.4210136327610104,0.50806,0.07824,0.4480477884356501,0.49895345261361246,0.08469663934424548,0.42642046389593835,7.6080000000000005,1693530599.7577026,2023-09-01_11-09-59
0.49844306254083925,0.08735082791359015,0.4194974000916756,0.50854,0.07896,0.4463001650051041,0.5004624500326714,0.08567266233087213,0.42485795307436125,7.632,1693530599.7816412,2023-09-01_11-09-59
0.5000967765988897,0.08848075549423541,0.418084337820224,0.50902,0.07967999999999997,0.4444545369442708,0.5018814212791118,0.08672060439538833,0.4233583776450333,7.656,1693530599.806082,2023-09-01_11-09-59
0.5016862788577432,0.08945814829389899,0.41670007986666596,0.5095000000000001,0.0804,0.4425157280720651,0.5032490230861947,0.08764651863511919,0.4218632095077458,7.68,1693530599.8295736,2023-09-01_11-09-59
0.5031961552656565,0.08994384416402548,0.41442697865318706,0.50998,0.08112,0.440489125499964,0.5045529242125253,0.08817907533122038,0.41963940802254246,7.704,1693530599.8536623,2023-09-01_11-09-59
0.5045459374753396,0.08968540758917622,0.41233877525364937,0.51046,0.08184,0.4383806541415513,0.5057287499802717,0.08811632607134097,0.41754715103122975,7.728000000000001,1693530599.8780644,2023-09-01_11-09-59
0.5058299329808233,0.08927011917939112,0.41027963432825293,0.5109400000000001,0.08256,0.43619674813074766,0.5068519463846587,0.0879280953435129,0.41546305708875186,7.752,1693530599.9018943,2023-09-01_11-09-59
0.5075958996265801,0.08874861624617031,0.4077967948497451,0.51142,0.08327999999999999,0.4339443193065062,0.5083607197012641,0.08765489299693624,0.41302629974109734,7.776,1693530599.9255626,2023-09-01_11-09-59
0.5096305575634803,0.08921044347061716,0.4058948599134843,0.5119,0.08399999999999999,0.43163072293846233,0.5100844460507842,0.08816835477649372,0.41104203251847987,7.800000000000001,1693530599.9495451,2023-09-01_11-09-59
0.5115142785285051,0.09040666840562978,0.40421220561909066,0.5123800000000001,0.08471999999999999,0.4292637208837455,0.511687422822804,0.08926933472450382,0.4092225086720216,7.824,1693530599.9737403,2023-09-01_11-09-59
0.5133397672258148,0.09217241404979226,0.40235420559107976,0.51286,0.08544000000000002,0.42685144237979844,0.5132438137806518,0.09082593123983382,0.4072536529488235,7.848000000000001,1693530599.9974916,2023-09-01_11-09-59
0.5149696647287053,0.09383905748577405,0.40081114431809606,0.51334,0.08615999999999999,0.42440234269153315,0.5146437317829643,0.09230324598861925,0.40552938399278343,7.872,1693530600.0215917,2023-09-01_11-10-00
0.5163464792307292,0.0951003589690933,0.39907670767805575,0.51382,0.08687999999999999,0.4219251598433977,0.5158411833845834,0.09345628717527464,0.4036463981111241,7.896,1693530600.0456314,2023-09-01_11-10-00
0.5178596739922771,0.0960177530061668,0.3971237883748033,0.5143,0.08760000000000001,0.41942886967786674,0.5171477391938216,0.09433420240493344,0.40158480463541596,7.92,1693530600.069721,2023-09-01_11-10-00
0.5192570345938672,0.09622327015691809,0.39521328962523433,0.51478,0.08831999999999998,0.4169226394914393,0.5183616276750938,0.09464261612553446,0.3995551595984753,7.944,1693530600.0941644,2023-09-01_11-10-00
0.5202168352611207,0.09628798246036459,0.3936482884363436,0.51526,0.08903999999999998,0.4144157805073726,0.5192254682088966,0.09483838596829167,0.39780178685054934,7.968,1693530600.117554,2023-09-01_11-10-00
0.5210114464672897,0.09621559601611215,0.3919687064945798,0.51574,0.08975999999999998,0.41191769945106294,0.5199571571738317,0.09492447681288972,0.39595850508587643,7.992,1693530600.1420088,2023-09-01_11-10-00
0.5216205434510147,0.09596862127851072,0.39034037424155843,0.51622,0.09047999999999998,0.4094378494991538,0.5205404347608117,0.09487089702280857,0.3941598692930775,8.016,1693530600.1660037,2023-09-01_11-10-00
0.522216237326167,0.09575930572547012,0.3891559362122655,0.5167,0.0912,0.40698568087708586,0.5211129898609337,0.0948474445803761,0.3927218851452296,8.040000000000001,1693530600.1896777,2023-09-01_11-10-00
0.5228681744617172,0.0953767736877119,0.3881707668384034,0.51718,0.09192,0.404570591381882,0.5217305395693739,0.09468541895016952,0.3914507317470991,8.064,1693530600.2137127,2023-09-01_11-10-00
0.5235904457335575,0.09489721389141317,0.3876698000195617,0.51766,0.09263999999999997,0.4022018771074645,0.522404356586846,0.09444577111313053,0.3905762154371422,8.088,1693530600.2376382,2023-09-01_11-10-00
0.5245309596860844,0.09437694047567016,0.3874781370880386,0.51814,0.09336,0.3998886836487475,0.5232527677488675,0.09417355238053612,0.3899602464001804,8.112,1693530600.2618568,2023-09-01_11-10-00
0.5254272783556979,0.09450790079295583,0.3874018617747691,0.5186200000000001,0.09408,0.397639958058105,0.5240658226845583,0.09442232063436468,0.3894494810314363,8.136,1693530600.2857568,2023-09-01_11-10-00
0.5265857229690325,0.09503969937290495,0.3868863337298908,0.5191,0.09479999999999997,0.39546440182363873,0.525088578375226,0.09499175949832396,0.38860194734864034,8.16,1693530600.3136456,2023-09-01_11-10-00
0.5276377676841087,0.09635894551551205,0.3858281511279607,0.51958,0.09551999999999997,0.39337042513296616,0.526026214147287,0.09619115641240963,0.3873366059289618,8.184000000000001,1693530600.3337321,2023-09-01_11-10-00
0.5285368622135302,0.09762057272034781,0.38494512635624045,0.52006,0.09623999999999999,0.3913661026790343,0.5268414897708242,0.09734445817627824,0.38622932162079926,8.208,1693530600.358442,2023-09-01_11-10-00
0.5300127946386735,0.09995058210127687,0.38324246975016524,0.52054,0.09696000000000002,0.38945913125581116,0.5281182357109389,0.09935246568102149,0.38448580205129446,8.232000000000001,1693530600.3816736,2023-09-01_11-10-00
0.5309707143673843,0.10103272843781175,0.38193037926497314,0.52102,0.09767999999999999,0.3876567893816432,0.5289805714939074,0.1003621827502494,0.38307566128830717,8.256,1693530600.4057212,2023-09-01_11-10-00
0.5314536617817723,0.10134897982597993,0.3807099944854794,0.5215,0.09839999999999999,0.38596589917665175,0.5294629294254178,0.10075918386078393,0.38176117542371385,8.28,1693530600.4297698,2023-09-01_11-10-00
0.5318333349485962,0.10095773511028354,0.3801798786288028,0.52198,0.09912000000000001,0.38439279070784627,0.5298626679588769,0.10059018808822683,0.38102246104461146,8.304,1693530600.4538176,2023-09-01_11-10-00
0.5323294302514034,0.10018231271105951,0.3802333672132833,0.52246,0.09983999999999998,0.38294326900172354,0.5303555442011227,0.1001138501688476,0.38077534757097137,8.328,1693530600.4779506,2023-09-01_11-10-00
0.5326813769731822,0.09975512317903405,0.3805034436709385,0.52294,0.10055999999999995,0.38162258390908294,0.5307331015785457,0.09991609854322724,0.38072727171856746,8.352,1693530600.5017571,2023-09-01_11-10-00
0.5330302220317277,0.10017777331337496,0.3813044768466644,0.52342,0.10127999999999995,0.3804354029907001,0.5311081776253821,0.10039821865069996,0.3811306620754715,8.376,1693530600.525886,2023-09-01_11-10-00
0.5333706188901293,0.10145211716117275,0.38263956651925407,0.5239,0.10200000000000001,0.3793857875754562,0.5314764951121035,0.10156169372893821,0.38198881073049445,8.4,1693530600.5506196,2023-09-01_11-10-00
0.5338518740059054,0.10330887898196807,0.38458940067302955,0.5243800000000001,0.10272,0.37847717212461945,0.5319574992047243,0.10319110318557445,0.38336695496334755,8.424,1693530600.5740502,2023-09-01_11-10-00
0.5343734828803444,0.10540214042104004,0.38679408513064495,0.52486,0.10344,0.37771234701731465,0.5324707863042755,0.10500971233683204,0.3849777375079789,8.448,1693530600.5977278,2023-09-01_11-10-00
0.5349011093800069,0.10761663392254771,0.3891339576180185,0.52534,0.10416,0.37709344485290375,0.5329888875040055,0.10692530713803816,0.38672585506499557,8.472,1693530600.6218047,2023-09-01_11-10-00
0.5354565618683502,0.11006997646013642,0.3917352218641495,0.5258200000000001,0.10488,0.3766219303461481,0.5335292494946802,0.10903198116810914,0.38871256356054923,8.496,1693530600.645979,2023-09-01_11-10-00
0.5359826075104404,0.11252917430747648,0.3943522259587372,0.5263,0.1056,0.3762985938707395,0.5340460860083522,0.11114333944598119,0.3907414995411377,8.52,1693530600.6699507,2023-09-01_11-10-00
0.5363866977554367,0.1145241158208728,0.396482206175647,0.52678,0.10632,0.3761235486861884,0.5344653582043494,0.11288329265669823,0.39241047467775525,8.544,1693530600.693822,2023-09-01_11-10-00
0.5367047325137775,0.11616972967434834,0.3982439566832732,0.5272600000000001,0.10703999999999994,0.3760962318622654,0.534815786011022,0.11434378373947866,0.39381441171907167,8.568,1693530600.7177544,2023-09-01_11-10-00
0.5369666566058999,0.11758216657004082,0.39975950010161093,0.52774,0.10776,0.37621540889431565,0.53512132528472,0.11561773325603267,0.39505068186015185,8.591999999999999,1693530600.7418501,2023-09-01_11-10-00
0.5371148690887402,0.11840688770221197,0.40064589045893956,0.52822,0.10848,0.376479181981935,0.5353358952709921,0.11642151016176958,0.3958125487635386,8.616,1693530600.7657273,2023-09-01_11-10-00
0.5371350190338628,0.11913102866698336,0.4012427182843813,0.5287000000000001,0.10919999999999999,0.37688500192281355,0.5354480152270903,0.11714482293358669,0.39637117501206776,8.64,1693530600.7897584,2023-09-01_11-10-00
0.5371963986320616,0.11948481107533643,0.40162364800890293,0.52918,0.10991999999999999,0.3774296835531574,0.5355931189056493,0.11757184886026914,0.3967848551177538,8.664,1693530600.8136578,2023-09-01_11-10-00
0.5372369714838328,0.11972072439904446,0.40187777490488275,0.52966,0.11063999999999999,0.3781094246460818,0.5357215771870661,0.11790457951923557,0.39712410485312255,8.688,1693530600.8378768,2023-09-01_11-10-00
0.537297309754142,0.1200746815494774,0.40225922561541355,0.5301400000000001,0.11135999999999999,0.37891982815986475,0.5358658478033136,0.11833174523958193,0.39759134612430375,8.712,1693530600.86198,2023-09-01_11-10-00
0.537292838997463,0.12068134088250768,0.40273098756505565,0.53062,0.11207999999999999,0.37985592770905685,0.5359582711979703,0.11896107270600614,0.3981559755938559,8.736,1693530600.8856597,2023-09-01_11-10-00
0.5372870356920302,0.12128807142751755,0.4032033279564977,0.5311,0.11279999999999998,0.38091221611327347,0.5360496285536241,0.11959045714201404,0.3987451055878529,8.76,1693530600.9099686,2023-09-01_11-10-00
0.5374022234555578,0.12199674672650027,0.4039688441167554,0.5315799999999999,0.11351999999999993,0.3820826768611499,0.5362377787644462,0.12030139738120019,0.39959161066563426,8.783999999999999,1693530600.9339435,2023-09-01_11-10-00
0.5374858290616495,0.12319482087014023,0.4050821791336011,0.53206,0.11423999999999998,0.38336081831052005,0.5364006632493197,0.12140385669611219,0.40073790696898487,8.808,1693530600.9589777,2023-09-01_11-10-00
0.537531231212806,0.12488273301816147,0.4065462166020896,0.53254,0.11495999999999998,0.38473971043047284,0.5365329849702448,0.12289818641452918,0.40218491536776624,8.832,1693530600.981888,2023-09-01_11-10-00
0.5375456068349703,0.12717935804052263,0.4084937837262316,0.53302,0.11568000000000003,0.3862120238766458,0.5366404854679763,0.12487948643241811,0.40403743175631446,8.856,1693530601.006035,2023-09-01_11-10-01
0.5376250282040512,0.12934383517761094,0.41048748819591485,0.5335000000000001,0.11639999999999998,0.3877700711779917,0.5368000225632409,0.12675506814208876,0.40594400479233017,8.88,1693530601.0301998,2023-09-01_11-10-01
0.53761215970767,0.13176219491437918,0.4125831554901978,0.53398,0.11711999999999997,0.3894058498014124,0.536885727766136,0.12883375593150334,0.4079476943524407,8.904,1693530601.053898,2023-09-01_11-10-01
0.5373155078635528,0.13458065562422206,0.4145782157865621,0.53446,0.11784000000000003,0.3911110868501121,0.5367444062908422,0.13123252449937764,0.40988478999927214,8.928,1693530601.0777779,2023-09-01_11-10-01
0.5367723592874878,0.13718699720986646,0.4159855590375379,0.53494,0.11855999999999997,0.39287728514239406,0.5364058874299903,0.13346159776789315,0.4113639042585092,8.952,1693530601.101645,2023-09-01_11-10-01
0.5357917943851362,0.13980704261034851,0.416896019649205,0.53542,0.11927999999999997,0.39469577040991516,0.535717435508109,0.1357016340882788,0.412455969801347,8.975999999999999,1693530601.126014,2023-09-01_11-10-01
0.5348886779167155,0.14208407418095492,0.4174153691824335,0.5359,0.12000000000000002,0.39655773934819377,0.5350909423333724,0.13766725934476395,0.4132438432155856,9.0,1693530601.149833,2023-09-01_11-10-01
0.5342325608395091,0.14384371762528111,0.41791519427567075,0.53638,0.12071999999999997,0.39845430824746636,0.5346620486716073,0.13921897410022488,0.41402301707002986,9.024,1693530601.1737478,2023-09-01_11-10-01
0.5338209057686087,0.14497127016403819,0.41826172728629335,0.53686,0.12144000000000002,0.4003765619288273,0.5344287246148869,0.14026501613123055,0.41468469421480014,9.048,1693530601.1980577,2023-09-01_11-10-01
0.5334710353291398,0.1456109336394369,0.41824875445182097,0.53734,0.12216000000000002,0.4023156027089908,0.5342448282633118,0.14092074691154952,0.41506212410325494,9.072,1693530601.2219307,2023-09-01_11-10-01
0.5333813288839855,0.14574102750464338,0.4182125018070709,0.53782,0.12287999999999996,0.404262599116986,0.5342690631071884,0.1411688220037147,0.41542252126905393,9.096,1693530601.24592,2023-09-01_11-10-01
0.5333567990240762,0.14570748410636433,0.4183810817599481,0.5383,0.12360000000000002,0.4062088340876431,0.5343454392192609,0.14128598728509148,0.41594663222548706,9.120000000000001,1693530601.2700655,2023-09-01_11-10-01
0.5333567990240762,0.14570748410636433,0.4183810817599481,0.53878,0.12431999999999996,0.408145752359834,0.5344414392192609,0.14142998728509146,0.41633401587992525,9.144,1693530601.2937891,2023-09-01_11-10-01
0.5333567990240762,0.14570748410636433,0.4183810817599481,0.53926,0.12503999999999996,0.41006500681208513,0.5345374392192609,0.14157398728509146,0.4167178667703755,9.168,1693530601.3179963,2023-09-01_11-10-01
0.5333567990240762,0.14570748410636433,0.4183810817599481,0.53974,0.12576,0.4119585034743376,0.5346334392192609,0.14171798728509147,0.41709656610282597,9.192,1693530601.341824,2023-09-01_11-10-01
0.5333322026443893,0.14567392933731993,0.41854962265958356,0.54022,0.12648,0.41381844496229586,0.5347097621155115,0.14183514346985593,0.417603387120126,9.216,1693530601.3658097,2023-09-01_11-10-01
0.5332828104675392,0.14560678573616034,0.41888658722669886,0.5407000000000001,0.1272,0.41563737208988644,0.5347662483740313,0.1419254285889283,0.4182367441993364,9.24,1693530601.389874,2023-09-01_11-10-01
0.5332082241904192,0.14550598536124487,0.4193917407257588,0.54118,0.12792,0.4174082034258225,0.5348025793523353,0.14198878828899592,0.41899503326577153,9.264,1693530601.4139013,2023-09-01_11-10-01
0.5331330411498125,0.1454050833135323,0.4198965417697218,0.54166,0.12864,0.41912427257208346,0.5348384329198501,0.14205206665082584,0.41974208793019413,9.288,1693530601.4383402,2023-09-01_11-10-01
0.5330318704505138,0.14527038966537997,0.4205690607246709,0.5421400000000001,0.12936000000000006,0.4207793629551735,0.534853496360411,0.142088311732304,0.4206111211707714,9.312000000000001,1693530601.4617865,2023-09-01_11-10-01
0.5329552986818968,0.14516925167032863,0.4210730374846821,0.54262,0.13007999999999995,0.4223677399352801,0.5348882389455174,0.1421514013362629,0.42133197797480176,9.336,1693530601.485925,2023-09-01_11-10-01
0.5329115593072593,0.14522074391327855,0.42154088899231906,0.5431,0.1308,0.42388418005380407,0.5349492474458075,0.14233659513062283,0.42200954720461603,9.360000000000001,1693530601.5103638,2023-09-01_11-10-01
0.5329153901558552,0.14566301408896093,0.42223727817087553,0.5435800000000001,0.13152,0.4253239972561066,0.5350483121246842,0.14283441127116875,0.42285462198792173,9.384,1693530601.5340865,2023-09-01_11-10-01
0.53294385278593,0.14613915357273274,0.4227663747090914,0.54406,0.13224,0.42668306594361666,0.5351670822287441,0.1433593228581862,0.4235497129559964,9.408,1693530601.55792,2023-09-01_11-10-01
0.5329777488209029,0.14673449896542884,0.4234284966510027,0.54454,0.13296,0.42795784072756293,0.5352901990567223,0.14397959917234307,0.42433436546631476,9.432,1693530601.5820086,2023-09-01_11-10-01
0.5329971875381092,0.1470917963521406,0.4238261698482471,0.5450200000000001,0.13368,0.42914537277544,0.5354017500304874,0.14440943708171247,0.4248900104336857,9.456,1693530601.6070483,2023-09-01_11-10-01
0.5330340379677653,0.1478065911536559,0.42462241461723216,0.5455,0.1344,0.43024332266078114,0.5355272303742122,0.14512527292292474,0.42574659622594196,9.48,1693530601.629977,2023-09-01_11-10-01
0.5330514477629247,0.14816408736122869,0.4250209854592961,0.54598,0.13512000000000005,0.43124996964677514,0.5356371582103397,0.14555526988898296,0.4262667822967919,9.504,1693530601.653869,2023-09-01_11-10-01
0.5330571003586323,0.14828326725255714,0.4251539087545308,0.54646,0.13583999999999993,0.43216421735462224,0.5357376802869058,0.1457946138020457,0.4265559704745491,9.528,1693530601.677837,2023-09-01_11-10-01
0.5330626775604455,0.14840245435093435,0.42528686520109465,0.54694,0.13656,0.43298559578815865,0.5358381420483563,0.1460339634807475,0.42682661131850747,9.552,1693530601.7019815,2023-09-01_11-10-01
0.5330681793328239,0.14852164863393463,0.425419854785408,0.54742,0.13727999999999999,0.43371425970706784,0.5359385434662591,0.1462733189071477,0.42707873576974,9.576,1693530601.7259588,2023-09-01_11-10-01
0.5330736056402229,0.14864085007912298,0.425552877493882,0.5479,0.13799999999999998,0.4343509833618344,0.5360388845121783,0.14651268006329837,0.4273124986674725,9.6,1693530601.7499301,2023-09-01_11-10-01
0.5330789564470928,0.148760058664055,0.42568593331291915,0.54838,0.13871999999999998,0.434897151624343,0.5361391651576742,0.146752046931244,0.42752817697520396,9.624,1693530601.7739682,2023-09-01_11-10-01
0.5330789564470928,0.148760058664055,0.42568593331291915,0.54886,0.13943999999999998,0.4353547475685872,0.5362351651576743,0.146896046931244,0.4276196961640528,9.648,1693530601.7979116,2023-09-01_11-10-01
0.5331059257580009,0.14879346702101257,0.4255183292124679,0.54934,0.14015999999999998,0.43572633657619614,0.5363527406064007,0.14706677361681006,0.4275599306852136,9.671999999999999,1693530601.82184,2023-09-01_11-10-01
0.5331059257580009,0.14879346702101257,0.4255183292124679,0.54982,0.14088000000000003,0.43601504706129995,0.5364487406064007,0.14721077361681006,0.42761767278223434,9.696,1693530601.8458607,2023-09-01_11-10-01
0.5331059257580009,0.14879346702101257,0.4255183292124679,0.5503,0.14160000000000003,0.4362245479285351,0.5365447406064007,0.14735477361681007,0.42765957295568136,9.719999999999999,1693530601.8701978,2023-09-01_11-10-01
0.5331328297531207,0.14882686377770288,0.42535068517913877,0.55078,0.14232000000000003,0.43635902289660955,0.5366622638024966,0.1475254910221623,0.4275523527226329,9.744,1693530601.8941405,2023-09-01_11-10-01
0.5331328297531207,0.14882686377770288,0.42535068517913877,0.55126,0.14303999999999997,0.43642314183772035,0.5367582638024966,0.14766949102216229,0.42756517651085507,9.768,1693530601.9181669,2023-09-01_11-10-01
0.5331328297531207,0.14882686377770288,0.42535068517913877,0.55174,0.14375999999999997,0.43642202930012275,0.5368542638024966,0.1478134910221623,0.42756495400333555,9.792,1693530601.941786,2023-09-01_11-10-01
0.5331381817027401,0.14894605683389772,0.4254837898021333,0.55222,0.14448000000000003,0.4363612303972085,0.5369545453621921,0.1480528454671182,0.42765927792114833,9.816,1693530601.9657655,2023-09-01_11-10-01
0.5331434581072264,0.14906525697773731,0.425616927561131,0.5527,0.14519999999999997,0.43624667426145797,0.5370547664857812,0.14829220558218983,0.4277428769011964,9.84,1693530601.9907653,2023-09-01_11-10-01
0.5331434581072264,0.14906525697773731,0.425616927561131,0.55318,0.14592000000000002,0.4360846352755101,0.5371507664857812,0.14843620558218984,0.42771046910400684,9.864,1693530602.0138357,2023-09-01_11-10-02
0.5331703734991118,0.14909861942895827,0.4254492592917769,0.55366,0.14664000000000002,0.435881692305261,0.5372682987992894,0.1486068955431666,0.42753574589447374,9.888,1693530602.037892,2023-09-01_11-10-02
0.5331972235415497,0.14913197022635535,0.4252815510883094,0.5541400000000001,0.14736000000000002,0.4356446861712909,0.5373857788332398,0.14877757618108428,0.42735417810490567,9.911999999999999,1693530602.0623493,2023-09-01_11-10-02
0.5332507274361484,0.149198636810154,0.424946014948374,0.55462,0.14808000000000002,0.4353806756049523,0.5375245819489187,0.1489749094481232,0.4270329470796896,9.936,1693530602.086634,2023-09-01_11-10-02
0.5334206570245207,0.14916873987778703,0.42447860823385597,0.5551,0.14880000000000002,0.43509689194409534,0.5377565256196165,0.14909499190222963,0.42660226497590387,9.96,1693530602.1106105,2023-09-01_11-10-02
