trial_number,alpha_id,traj_id,rhythm_id,tempo,ave. error,ave. error (%),ref_times,recorded_times,times_from_start,error_list,errp_list
1,3,0,2,120,0.11038386821746826,11.681421597798666,"[0.0, 0.5, 2.0, 2.5, 4.0, 4.5, 6.0, 6.5, 8.0, 8.5, 10.0]","[0.0, 0.4315967559814453, 1.6796600818634033, 2.111675262451172, 3.4560647010803223, 3.872084856033325, 5.279968023300171, 5.744044065475464, 7.0881266593933105, 7.520231246948242, 8.896161317825317]","[0.5408909320831299, 0.6685163974761963, 0.9724886417388916, 1.1005687713623047, 2.2205517292022705, 2.364776849746704, 2.6525673866271973, 2.796800136566162, 3.9969563484191895, 4.0929131507873535, 4.412976980209351, 4.5569329261779785, 5.820859909057617, 5.948750734329224, 6.284935712814331, 6.397062063217163, 7.629018783569336, 7.724830865859985, 8.06112289428711, 8.188974142074585, 9.437053203582764, 9.549023151397705, 9.852976322174072, 9.981251955032349, 11.197261095046997]","[-0.06840324401855469, -0.251936674118042, -0.06798481941223145, -0.1556105613708496, -0.08397984504699707, -0.0921168327331543, -0.03592395782470703, -0.15591740608215332, -0.06789541244506836, -0.1240699291229248]","[-13.680648803710938, -16.795778274536133, -13.596963882446289, -10.374037424723308, -16.795969009399414, -6.141122182210287, -7.184791564941406, -10.394493738810223, -13.579082489013672, -8.271328608194988]"
2,3,5,2,120,0.1338111294640435,17.275476455688477,"[0.0, 0.5, 2.0, 2.5, 4.0, 4.5, 6.0, 6.5, 8.0, 8.5]","[0.0, 0.47990942001342773, 2.000020742416382, 2.368027925491333, 3.8881120681762695, 4.24025297164917, 6.032331466674805, 6.4002063274383545, 8.208287954330444, 8.576411008834839]","[0.04403066635131836, 0.1720890998840332, 0.5239415168762207, 0.6679327487945557, 2.044052839279175, 2.1400604248046875, 2.4120595455169678, 2.5400562286376953, 3.932142734527588, 4.06017541885376, 4.284285068511963, 4.3824193477630615, 6.076363563537598, 6.172451019287109, 6.444237947463989, 6.524609565734863, 8.2523193359375, 8.348494052886963, 8.620442867279053, 8.716501951217651]","[-0.020090579986572266, 0.0201113224029541, -0.13199281692504883, 0.020084142684936523, -0.1478590965270996, 0.29207849502563477, -0.1321251392364502, 0.30808162689208984, -0.13187694549560547]","[-4.018115997314453, 1.340754826863607, -26.398563385009766, 1.338942845662435, -29.571819305419922, 19.47189966837565, -26.42502784729004, 20.53877512613932, -26.375389099121094]"
3,3,3,2,120,0.08871650695800781,13.846197128295898,"[0.0, 0.5, 2.0, 2.5, 4.0, 4.5, 6.0, 6.5, 8.0, 8.5, 10.0]","[0.0, 0.36788511276245117, 1.7920217514038086, 2.160621166229248, 3.5040295124053955, 3.9373576641082764, 5.45711874961853, 5.824699878692627, 7.296785354614258, 7.664509296417236, 9.15235710144043]","[-0.11740756034851074, -0.00547337532043457, 0.25048041343688965, 0.3465268611907959, 1.6746160984039307, 1.7869164943695068, 2.0432162284851074, 2.1392712593078613, 3.386624574661255, 3.5306501388549805, 3.8199524879455566, 3.9146792888641357, 5.33971381187439, 5.402850389480591, 5.707291603088379, 5.771005868911743, 7.1793763637542725, 7.247223377227783, 7.547104597091675, 7.611225128173828, 9.03495192527771, 9.098855257034302, 9.338918924331665, 9.419868230819702]","[-0.13211488723754883, -0.07586336135864258, -0.13140058517456055, -0.15659165382385254, -0.06667184829711914, 0.019761085510253906, -0.13241887092590332, -0.02791452407836914, -0.13227605819702148, -0.01215219497680664]","[-26.422977447509766, -5.057557423909506, -26.28011703491211, -10.439443588256836, -13.334369659423828, 1.3174057006835938, -26.483774185180664, -1.8609682718912761, -26.455211639404297, -0.8101463317871094]"
4,3,4,2,120,0.1449914508395725,17.818917168511284,"[0.0, 0.5, 2.0, 2.5, 4.0, 4.5, 6.0, 6.5, 8.0, 8.5]","[0.0, 0.4161207675933838, 2.144068717956543, 2.544097661972046, 4.210613965988159, 4.592114686965942, 6.19222354888916, 6.560206174850464, 8.32024073600769, 8.704292297363281]","[0.039977312088012695, 0.1680159568786621, 0.4560987949371338, 0.5520367622375488, 2.184046983718872, 2.2960822582244873, 2.584076166152954, 2.696018934249878, 4.250591516494751, 4.360077142715454, 4.632093191146851, 4.744274616241455, 6.232202053070068, 6.376352310180664, 6.600184679031372, 6.712203741073608, 8.360219478607178, 8.488185167312622, 8.744270324707031, 8.872185945510864]","[-0.08387923240661621, 0.22794795036315918, -0.09997105598449707, 0.16651630401611328, -0.1184992790222168, 0.10010886192321777, -0.1320173740386963, 0.26003456115722656, -0.11594843864440918]","[-16.775846481323242, 15.196530024210611, -19.994211196899414, 11.101086934407551, -23.69985580444336, 6.6739241282145185, -26.403474807739258, 17.335637410481773, -23.189687728881836]"
5,3,1,2,120,0.13818997806972927,18.526488763314703,"[0.0, 0.5, 2.0, 2.5, 4.0, 4.5, 6.0, 6.5, 8.0, 8.5]","[0.0, 0.40059494972229004, 1.8732385635375977, 2.271556854248047, 3.9356133937835693, 4.319510459899902, 6.207626819610596, 6.544165849685669, 8.079663276672363, 8.431630849838257]","[0.3234279155731201, 0.45086169242858887, 0.7240250110626221, 0.8357868194580078, 2.1966681480407715, 2.274909019470215, 2.594986915588379, 2.6909704208374023, 4.259043216705322, 4.3714072704315186, 4.642939805984497, 4.72297215461731, 6.53105616569519, 6.611071825027466, 6.867594003677368, 6.946971654891968, 8.403091430664062, 8.499963283538818, 8.755060195922852, 8.885151863098145]","[-0.09940505027770996, -0.027356386184692383, -0.10168170928955078, 0.16405653953552246, -0.11610293388366699, 0.38811635971069336, -0.16346096992492676, 0.035497426986694336, -0.14803242683410645]","[-19.881010055541992, -1.8237590789794922, -20.336341857910156, 10.937102635701496, -23.2205867767334, 25.87442398071289, -32.69219398498535, 2.366495132446289, -29.60648536682129]"
6,3,2,2,120,0.8015905857086182,77.11513201395671,"[0.0, 0.5, 2.0, 2.5, 4.0, 4.5, 6.0, 6.5, 8.0, 8.5, 10.0]","[0.0, 0.39993953704833984, 0.721799373626709, 0.8017544746398926, 0.8817834854125977, 0.9623160362243652, 1.0456924438476562, 1.1257305145263672, 1.2058358192443848, 1.2896885871887207, 1.9840941429138184]","[-0.2718088626861572, -0.159468412399292, 0.12813138961791992, 0.4098997116088867, 0.44999051094055176, 0.49022841453552246, 0.5299453735351562, 0.5698757171630859, 0.6099746227264404, 0.6510124206542969, 0.6905078887939453, 0.7299630641937256, 0.7738840579986572, 0.814333438873291, 0.8539214134216309, 0.8939144611358643, 0.9340269565582275, 0.9743952751159668, 1.0178799629211426, 1.024137258529663, 1.7122840881347656, 1.8407423496246338, 2.1602325439453125, 2.2562365531921387, 3.8086838722229004, 3.9042184352874756, 4.208281993865967, 4.320318698883057, 6.6243109703063965, 6.720279932022095, 8.176722526550293, 8.256687879562378, 8.544287204742432, 8.672321081161499]","[-0.10006046295166016, -1.1781401634216309, -0.4200448989868164, -1.419970989227295, -0.4194674491882324, -1.416623592376709, -0.41996192932128906, -1.4198946952819824, -0.41614723205566406, -0.8055944442749023]","[-20.01209259033203, -78.54267756144205, -84.00897979736328, -94.66473261515299, -83.89348983764648, -94.44157282511392, -83.99238586425781, -94.65964635213217, -83.22944641113281, -53.70629628499349]"
7,2,0,3,125,1.0495785760879515,145.55203749073866,"[0.0, 0.48, 1.92, 2.4, 3.84, 4.32, 5.76, 6.24, 7.68, 8.16, 9.6]","[0.0, 2.0319435596466064, 2.3680684566497803, 3.7118101119995117, 4.111941576004028, 5.504034042358398, 5.904122352600098, 7.3440937995910645, 7.759763240814209, 9.183867931365967, 9.567921876907349]","[-0.35821056365966797, -0.2941610813140869, 1.6737337112426758, 1.7855689525604248, 2.0098583698272705, 2.073737144470215, 3.3535990715026855, 3.4176156520843506, 3.7537312507629395, 3.8178350925445557, 5.14582371711731, 5.209687948226929, 5.54591178894043, 5.625964879989624, 6.985883712768555, 7.033808708190918, 7.401551961898804, 7.4656031131744385, 8.825657844543457, 8.88986611366272, 9.209711074829102, 9.28967022895813, 10.713857412338257]","[1.5519435596466065, -1.1038751029968261, 0.8637416553497315, -1.0398685359954833, 0.9120924663543697, -1.0399116897583003, 0.9599714469909664, -1.024330558776855, 0.9441046905517574, -1.0559460544586177]","[323.32157492637634, -76.65799326366847, 179.94617819786072, -72.21309277746413, 190.01926382382686, -72.21608956654866, 199.99405145645116, -71.13406658172606, 196.6884771982826, -73.32958711518181]"
8,2,2,3,125,0.15533780670166034,18.56205701828005,"[0.0, 0.48, 1.92, 2.4, 3.84, 4.32, 5.76, 6.24, 7.68, 8.16, 9.6]","[0.0, 0.39997220039367676, 1.808121919631958, 2.176133155822754, 3.8240115642547607, 4.160658121109009, 6.160178184509277, 6.512164115905762, 8.129624128341675, 8.513229131698608, 9.936338901519775]","[-0.5496501922607422, -0.4215083122253418, -0.14967727661132812, -0.08571219444274902, 1.2584710121154785, 1.3543708324432373, 1.6264829635620117, 1.7063870429992676, 3.2743613719940186, 3.3384125232696533, 3.6110081672668457, 3.6903865337371826, 5.610525608062744, 5.658403396606445, 5.962512969970703, 6.042443037033081, 7.579970836639404, 7.65965461730957, 7.963575124740601, 8.042526245117188, 9.386688470840454, 9.450550556182861]","[-0.08002779960632322, -0.0318502807617187, -0.11198876380920408, 0.2078784084320069, -0.14335344314575238, 0.559520063400269, -0.12801406860351605, 0.17746001243591358, -0.09639499664306683, -0.01689023017883251]","[-16.67245825131734, -2.2118250528971317, -23.33099246025085, 14.436000585556036, -29.86530065536505, 38.85555995835203, -26.66959762573249, 12.323611974716226, -20.08229096730557, -1.1729326513078135]"
9,2,1,3,125,0.07841140937805183,11.447890069749636,"[0.0, 0.48, 1.92, 2.4, 3.84, 4.32, 5.76, 6.24, 7.68, 8.16, 9.6]","[0.0, 0.39984846115112305, 1.6479268074035645, 2.048170328140259, 3.4563424587249756, 3.823929786682129, 5.184250831604004, 5.600446462631226, 7.024046182632446, 7.40798020362854, 8.880074501037598]","[-0.7570819854736328, -0.6610450744628906, -0.35723137855529785, -0.2433629035949707, 0.8908460140228271, 0.9868195056915283, 1.2910890579223633, 1.3874239921569824, 2.6992318630218506, 2.795607805252075, 3.0668482780456543, 3.162848711013794, 4.427168846130371, 4.491045713424683, 4.8433637619018555, 4.92288875579834, 6.26696515083313, 6.362963914871216, 6.650899410247803, 6.731256484985352, 8.12299370765686, 8.203174829483032, 8.458910942077637, 8.603035688400269]","[-0.08015153884887694, -0.19192165374755854, -0.07975647926330565, -0.03182786941528315, -0.1124126720428471, -0.0796789550781245, -0.06380436897277875, -0.0164002799987788, -0.09606597900390668, 0.032094297409058115]","[-16.698237260182697, -13.327892621358234, -16.615933179855343, -2.210268709394663, -23.419306675593127, -5.533260769314204, -13.292576869328892, -1.1389083332485281, -20.013745625813872, 2.228770653406814]"
10,2,5,3,125,0.15945399570465116,18.807514707247446,"[0.0, 0.48, 1.92, 2.4, 3.84, 4.32, 5.76, 6.24, 7.68, 8.16, 9.6]","[0.0, 0.3684062957763672, 1.696038007736206, 2.0967864990234375, 3.712045669555664, 4.064058303833008, 5.680709600448608, 6.034665584564209, 7.584092140197754, 7.952097654342651, 9.856061220169067]","[-0.6228690147399902, -0.5260839462280273, -0.25446391105651855, -0.17487883567810059, 1.073169469833374, 1.1691546440124512, 1.4739136695861816, 1.5531566143035889, 3.0891737937927246, 3.169206380844116, 3.441189765930176, 3.521237373352051, 5.0578389167785645, 5.137195110321045, 5.411792993545532, 5.489198207855225, 6.961222410202026, 7.025196313858032, 7.329229354858398, 7.394823312759399, 9.233192920684814, 9.28122091293335, 9.553510665893555]","[-0.1115937042236328, -0.11236828804016108, -0.07925150871276854, 0.17525917053222662, -0.12798736572265668, 0.17665129661560108, -0.12604401588439984, 0.10942655563354542, -0.11199448585510297, 0.4639635658264165]","[-23.2486883799235, -7.803353336122297, -16.51073098182678, 12.170775731404627, -26.664034525553447, 12.26745115386119, -26.259169975916606, 7.599066363440657, -23.332184553146433, 32.219692071278935]"
11,2,4,3,125,0.1391806201934817,20.55292248725894,"[0.0, 0.48, 1.92, 2.4, 3.84, 4.32, 5.76, 6.24, 7.68, 8.16, 9.6]","[0.0, 0.40000414848327637, 1.7601473331451416, 2.1280341148376465, 3.664062261581421, 4.016062498092651, 5.4560935497283936, 5.74424409866333, 7.312256813049316, 7.520307779312134, 9.264277935028076]","[-0.8814702033996582, -0.5614476203918457, -0.48146533966064453, 0.7826104164123535, 0.8786771297454834, 1.1667969226837158, 1.2465648651123047, 2.686593532562256, 2.782593011856079, 3.054641008377075, 3.1345937252044678, 4.494641304016113, 4.574624538421631, 4.798621654510498, 4.862774848937988, 6.367004871368408, 6.430787086486816, 6.590728521347046, 6.638838529586792, 8.303048372268677, 8.382808923721313, 8.702929496765137, 8.798994064331055]","[-0.07999585151672362, -0.07985681533813471, -0.1121132183074951, 0.09602814674377447, -0.12799976348876996, 3.105163574268488e-05, -0.1918494510650639, 0.12801271438598683, -0.27194903373718304, 0.3039701557159429]","[-16.66580239931742, -5.545612176259356, -23.356920480728146, 6.668621301651005, -26.66661739349372, 0.0021563635932420064, -39.96863563855494, 8.8897718323602, -56.65604869524642, 21.10903859138493]"
12,2,3,3,125,0.18559631919860858,23.765820662180605,"[0.0, 0.48, 1.92, 2.4, 3.84, 4.32, 5.76, 6.24, 7.68, 8.16, 9.6]","[0.0, 0.3192293643951416, 1.663200855255127, 2.0151100158691406, 4.06320595741272, 4.3197033405303955, 5.919198751449585, 6.30322790145874, 7.823252201080322, 8.128429651260376, 9.439268112182617]","[-0.03237104415893555, 0.0635523796081543, 0.28685784339904785, 0.36675024032592773, 1.6308300495147705, 1.6963751316070557, 1.982740879058838, 2.063646078109741, 4.030835151672363, 4.12713098526001, 4.287332773208618, 4.350796699523926, 5.886828899383545, 6.014772176742554, 6.270858526229858, 6.366878032684326, 7.790882349014282, 7.870965242385864, 8.096059799194336, 8.223062515258789, 9.406897783279419, 9.470947742462158, 9.792259931564331, 9.87097430229187]","[-0.16077063560485838, -0.0960285091400146, -0.1280908393859863, 0.6080959415435792, -0.22350261688232465, 0.15949541091918995, -0.09597084999084515, 0.08002429962158253, -0.17482254981994672, -0.1291615390777583]","[-33.49388241767883, -6.6686464680565685, -26.68559153874715, 42.22888482941522, -46.56304518381759, 11.076070202721528, -19.993927081426055, 5.557243029276567, -36.4213645458222, -8.969551324844328]"
13,1,0,5,135,0.04942822456359863,6.683766300028032,"[0.0, 0.4444444444444444, 1.7777777777777777, 2.2222222222222223, 3.5555555555555554, 4.0, 5.333333333333333, 5.777777777777778, 7.111111111111111, 7.555555555555555, 8.88888888888889, 9.333333333333334]","[0.0, 0.3837008476257324, 1.5997200012207031, 2.015991449356079, 3.311771869659424, 3.711890935897827, 4.9597556591033936, 5.376066446304321, 6.7678070068359375, 7.183781385421753, 8.543794631958008, 8.959797143936157]","[-0.6957712173461914, -0.615767240524292, -0.3120691776275635, -0.21592116355895996, 0.903949499130249, 0.9842362403869629, 1.320220947265625, 1.432215929031372, 2.6160013675689697, 2.712251663208008, 3.016120433807373, 3.11222243309021, 4.2639853954315186, 4.344272136688232, 4.680296421051025, 4.7603044509887695, 6.072036504745483, 6.1519904136657715, 6.488010406494141, 6.567997455596924, 7.848024606704712, 7.944296598434448, 8.26402735710144, 8.360325813293457, 9.592331647872925]","[-0.060743596818712, -0.11731417973836256, -0.028172996309068665, -0.03755291302998831, -0.04432537820604132, -0.08546861012776663, -0.028133657243516907, 0.058407227198283174, -0.028470065858629212, 0.026679913202920957, -0.028441932466295228]","[-13.6673092842102, -8.798563480377192, -6.338924169540447, -2.816468477249124, -9.973210096359294, -6.410145759582499, -6.3300728797913015, 4.380542039871239, -6.40576481819157, 2.000993490219071, -6.399434804916424]"
14,1,1,5,135,0.12160929044087739,19.295800274068675,"[0.0, 0.4444444444444444, 1.7777777777777777, 2.2222222222222223, 3.5555555555555554, 4.0, 5.333333333333333, 5.777777777777778, 7.111111111111111, 7.555555555555555, 8.88888888888889, 9.333333333333334]","[0.0, 0.33579564094543457, 1.599717378616333, 1.9521007537841797, 3.311866521835327, 3.631894826889038, 5.039865255355835, 5.327848196029663, 6.959887266159058, 7.296159982681274, 8.751834392547607, 9.03986382484436]","[-0.5248756408691406, -0.42905330657958984, -0.18907380104064941, -0.10851240158081055, 1.0748484134674072, 1.154916763305664, 1.4272301197052002, 1.5068714618682861, 2.786996364593506, 2.8671789169311523, 3.1070258617401123, 3.1708993911743164, 4.514996528625488, 4.5789008140563965, 4.802979230880737, 4.866925954818726, 6.435016870498657, 6.499239206314087, 6.771288871765137, 6.8512561321258545, 8.226965188980103, 8.323007822036743, 8.514994382858276, 8.611546993255615]","[-0.10864880349900985, -0.06941159566243482, -0.09206106927659796, 0.026432434717814424, -0.1244161393907337, 0.07463709513346384, -0.15646150377061652, 0.2987057367960615, -0.10817172792222784, 0.12234107653299908, -0.1564150121476917]","[-24.445980787277215, -5.205869674682612, -20.713740587234533, 1.9824326038360822, -27.99363136291507, 5.59778213500979, -35.2038383483887, 22.40293025970462, -24.338638782501253, 9.175580739974928, -35.19337773323062]"
15,1,4,5,135,0.0897245334856439,11.243025281212562,"[0.0, 0.4444444444444444, 1.7777777777777777, 2.2222222222222223, 3.5555555555555554, 4.0, 5.333333333333333, 5.777777777777778, 7.111111111111111, 7.555555555555555, 8.88888888888889, 9.333333333333334]","[0.0, 0.3840146064758301, 1.6323027610778809, 2.064546585083008, 3.4081008434295654, 3.8400003910064697, 5.232791423797607, 5.600252628326416, 6.97617506980896, 7.328243970870972, 9.120230674743652, 9.488205671310425]","[-1.158076286315918, -1.0779132843017578, -0.774061918258667, -0.6940476894378662, 0.4742255210876465, 0.5541586875915527, 0.9064686298370361, 0.9860403537750244, 2.2500245571136475, 2.329989194869995, 2.6819238662719727, 2.745954751968384, 4.074714422225952, 4.138780117034912, 4.442175388336182, 4.505995988845825, 5.8180975914001465, 5.898104429244995, 6.1701672077178955, 6.219699382781982, 7.962153911590576, 8.026031732559204, 8.33012866973877, 8.394067764282227, 9.64289665222168]","[-0.06042983796861434, -0.08504517873128248, -0.012200620439317689, 0.01022092501322458, -0.012544896867540345, 0.05945769945780466, -0.07698323991563605, 0.04258910814921091, -0.09237554338243292, 0.45865337053934674, -0.07646944787767218]","[-13.596713542938227, -6.378388404846186, -2.7451395988464786, 0.7665693759918437, -2.8226017951965763, 4.45932745933535, -17.321228981018102, 3.194183111190819, -20.7844972610474, 34.399002790450986, -17.205625772476232]"
16,1,3,5,135,0.15148836916143257,19.37763745134529,"[0.0, 0.4444444444444444, 1.7777777777777777, 2.2222222222222223, 3.5555555555555554, 4.0, 5.333333333333333, 5.777777777777778, 7.111111111111111, 7.555555555555555, 8.88888888888889, 9.333333333333334]","[0.0, 0.3198883533477783, 1.8080580234527588, 2.1918721199035645, 3.696848154067993, 4.031910419464111, 5.695921421051025, 6.048048734664917, 7.632105827331543, 8.000093936920166, 9.504078149795532, 9.824023962020874]","[-0.6242542266845703, -0.5283706188201904, -0.3043646812438965, -0.22427678108215332, 1.1838045120239258, 1.247694730758667, 1.5676190853118896, 1.6318113803863525, 3.072593927383423, 3.1359105110168457, 3.4076576232910156, 3.487672805786133, 5.07166862487793, 5.1517860889434814, 5.423794746398926, 5.503756761550903, 7.00785231590271, 7.103959083557129, 7.375840425491333, 7.456900358200073, 8.879824876785278, 8.943727970123291, 9.19977068901062, 9.296460390090942]","[-0.1245560910966661, 0.1548363367716472, -0.06063034799363898, 0.17164270083109567, -0.10938217904832648, 0.330677668253581, -0.09231713083055304, 0.25072375933329294, -0.0764563348558216, 0.17065087954203229, -0.12449863221910284]","[-28.02512049674987, 11.61272525787354, -13.641828298568765, 12.873202562332178, -24.610990285873445, 24.800825119018583, -20.771354436874425, 18.804281949996977, -17.20267534255985, 12.798815965652416, -28.012192249298128]"
17,1,2,5,135,0.09941242947990522,15.16000562243993,"[0.0, 0.4444444444444444, 1.7777777777777777, 2.2222222222222223, 3.5555555555555554, 4.0, 5.333333333333333, 5.777777777777778, 7.111111111111111, 7.555555555555555]","[0.0, 0.3362917900085449, 1.6161131858825684, 1.9681339263916016, 3.456618547439575, 3.8242483139038086, 5.328138828277588, 5.664056062698364, 6.9441423416137695, 7.312260627746582]","[0.36010003089904785, 0.4240908622741699, 0.6963939666748047, 0.7761297225952148, 1.976212501525879, 2.056227207183838, 2.3282346725463867, 2.3922791481018066, 3.8167171478271484, 3.8645131587982178, 4.18435001373291, 4.264195203781128, 5.688239812850952, 5.7528016567230225, 6.024157524108887, 6.104225158691406, 7.304243326187134, 7.36820912361145, 7.6723620891571045, 7.736573696136475]","[-0.1081526544358995, -0.05351193745930982, -0.09242370393541144, 0.1551512877146406, -0.07681467798021124, 0.17055718104044626, -0.10852721002366827, -0.053247054417927764, -0.07632615831163214]","[-24.334347248077385, -4.013395309448237, -20.795333385467565, 11.636346578598047, -17.28330254554752, 12.791788578033472, -24.41862225532535, -3.993529081344583, -17.173385620117223]"
18,1,5,5,135,0.17569995515140505,18.78814366128712,"[0.0, 0.4444444444444444, 1.7777777777777777, 2.2222222222222223, 3.5555555555555554, 4.0, 5.333333333333333, 5.777777777777778, 7.111111111111111, 7.555555555555555]","[0.0, 0.431934118270874, 1.8718066215515137, 2.25571870803833, 3.6819281578063965, 3.983731508255005, 5.455612897872925, 5.839569807052612, 8.07960057258606, 8.463577508926392]","[-0.0011181831359863281, 0.06321120262145996, 0.4308173656463623, 0.4943106174468994, 1.8706905841827393, 1.9343936443328857, 2.254603862762451, 2.318549156188965, 3.6808114051818848, 3.758596658706665, 3.9826159477233887, 4.0785582065582275, 5.454497575759888, 5.534496784210205, 5.838454961776733, 5.902514457702637, 8.078484773635864, 8.17443299293518, 8.462462186813354, 8.526528596878052]","[-0.012510326173570396, 0.10653916994730639, -0.060532357957628236, 0.09287611643473337, -0.14264109399583624, 0.13854805628458688, -0.06048753526475714, 0.9066974322001142, -0.06046750810411261]","[-2.8148233890533394, 7.990437746047979, -13.619780540466348, 6.9657087326050044, -32.09424614906314, 10.391104221344019, -13.609695434570352, 68.00230741500857, -13.605189323425332]"
19,5,0,4,130,0.043624596162275986,5.338575021185072,"[0.0, 0.46153846153846156, 1.8461538461538463, 2.307692307692308, 3.6923076923076925, 4.153846153846154, 5.538461538461538, 6.0, 7.384615384615385, 7.846153846153847, 9.230769230769232, 9.692307692307693]","[0.0, 0.4157681465148926, 1.679692268371582, 2.12794828414917, 3.4879837036132812, 3.9199254512786865, 5.311801195144653, 5.7757415771484375, 7.0879786014556885, 7.5358195304870605, 8.832092046737671, 9.231761693954468]","[-0.3781144618988037, -0.3141477108001709, 0.037654876708984375, 0.10193753242492676, 1.3015787601470947, 1.3817787170410156, 1.7498350143432617, 1.8139100074768066, 3.109869956970215, 3.205779790878296, 3.5418121814727783, 3.6376497745513916, 4.933687686920166, 4.997671604156494, 5.397628545761108, 5.445912837982178, 6.709865093231201, 6.773895502090454, 7.1577064990997314, 7.206014394760132, 8.453978776931763, 8.501934289932251, 8.853638172149658, 8.917902946472168, 10.1498703956604]","[-0.045770315023568986, -0.12069126275869513, -0.013282445760873784, -0.024579965151273253, -0.0295967138730564, 0.00726035925058266, 0.0024019204653225046, -0.07237836030813405, -0.013697532507089605, -0.08834286836477467, -0.0618688143216648]","[-9.916901588439947, -8.716591199239094, -2.877863248189319, -1.775219705369735, -6.412621339162218, 0.5243592792087478, 0.5204161008198758, -5.2273260222541245, -2.9677987098694136, -6.38031827078928, -13.404909769694036]"
20,5,3,4,130,0.05677952132858612,7.770733881478375,"[0.0, 0.46153846153846156, 1.8461538461538463, 2.307692307692308, 3.6923076923076925, 4.153846153846154, 5.538461538461538, 6.0, 7.384615384615385, 7.846153846153847, 9.230769230769232, 9.692307692307693]","[0.0, 0.3991973400115967, 1.871267318725586, 2.2552566528320312, 3.471219301223755, 3.919245719909668, 5.327269077301025, 5.82379937171936, 7.15143895149231, 7.535434722900391, 8.911450386047363, 9.359441757202148]","[-0.014640092849731445, 0.11303997039794922, 0.3845632076263428, 0.4805736541748047, 1.856632947921753, 1.9375557899475098, 2.240622043609619, 2.3213460445404053, 3.4565844535827637, 3.537611246109009, 3.904611110687256, 3.9689254760742188, 5.312634706497192, 5.392853260040283, 5.809162378311157, 5.873262882232666, 7.13680362701416, 7.232724905014038, 7.52079963684082, 7.584803104400635, 8.896814823150635, 8.96083402633667, 9.34480619430542, 9.424958944320679]","[-0.062341121526864884, 0.08745459409860468, -0.07754912743201636, -0.16865273622366095, -0.01351204285254859, 0.023407972775973285, 0.034991832879873286, -0.05697580484243581, -0.07754269013038062, -0.008599721468412369, -0.013547090383676519]","[-13.50724299748739, 6.316165129343672, -16.80231094360354, -12.180475393931069, -2.92760928471886, 1.6905758115980711, 7.581563790639209, -4.114919238620363, -16.800916194915796, -0.6210909949408931, -2.9352029164632447]"
21,5,2,4,130,0.09090297538917393,11.822452208008444,"[0.0, 0.46153846153846156, 1.8461538461538463, 2.307692307692308, 3.6923076923076925, 4.153846153846154, 5.538461538461538, 6.0, 7.384615384615385, 7.846153846153847, 9.230769230769232, 9.692307692307693]","[0.0, 0.41615748405456543, 1.776038408279419, 2.224149465560913, 3.6164157390594482, 4.00022029876709, 5.728023290634155, 6.160257816314697, 7.647995948791504, 8.016443252563477, 9.28018045425415, 9.600297451019287]","[-0.20507168769836426, -0.12508392333984375, 0.21108675003051758, 0.2910730838775635, 1.5709683895111084, 1.650918960571289, 2.0190796852111816, 2.0831425189971924, 3.411344051361084, 3.4753429889678955, 3.795149564743042, 3.858957052230835, 5.522952556610107, 5.603124380111694, 5.955187559127808, 6.019469976425171, 7.442925691604614, 7.5389533042907715, 7.8113720417022705, 7.877581834793091, 9.075110673904419, 9.171027183532715, 9.39522671699524, 9.523096084594727]","[-0.045380977483896134, -0.024734460390531066, -0.013427404256967534, 0.007650888883150575, -0.07773390183082007, 0.3431876072516813, -0.029303935857919683, 0.10312274786142162, -0.09309115776648902, -0.1208781829247112, -0.14142146477332496]","[-9.83254512151083, -1.786377694871688, -2.909270922342965, 0.5525641971164303, -16.842345396677675, 24.785771634843655, -6.349186102549263, 7.447754012213781, -20.169750849405947, -8.730090989006916, -30.641317367553732]"
22,5,1,4,130,0.10427062828224033,12.39567043805365,"[0.0, 0.46153846153846156, 1.8461538461538463, 2.307692307692308, 3.6923076923076925, 4.153846153846154, 5.538461538461538, 6.0, 7.384615384615385, 7.846153846153847, 9.230769230769232, 9.692307692307693]","[0.0, 0.4159996509552002, 1.7605924606323242, 2.1439967155456543, 3.6646904945373535, 4.0960376262664795, 5.552699565887451, 5.952088832855225, 7.776252269744873, 8.176344394683838, 9.47216796875, 9.84067678451538]","[-0.8171346187591553, -0.7211651802062988, -0.40113234519958496, -0.3051185607910156, 0.9434595108032227, 1.0068960189819336, 1.32686448097229, 1.390876293182373, 2.8475539684295654, 2.9269137382507324, 3.278905153274536, 3.359346628189087, 4.735566854476929, 4.8315699100494385, 5.134956359863281, 5.215045213699341, 6.9591193199157715, 7.039568901062012, 7.359210014343262, 7.438958168029785, 8.65503454208374, 8.750996112823486, 9.023539781570435, 9.087333679199219]","[-0.04553881058326137, -0.04002257493826056, -0.0781342066251316, 0.13607839437631464, -0.0301913298093357, 0.07204655500558754, -0.06214919457068824, 0.4395480522742634, -0.06144633659949683, -0.08879181054922292, -0.09302964577308082]","[-9.866742293039962, -2.890519301096596, -16.92907810211184, 9.82788403828939, -6.541454792022733, 5.203362305959102, -13.465658823649115, 31.74513710869679, -13.313372929890976, -6.4127418729994305, -20.15642325083417]"
23,5,5,4,130,0.10403847360944427,15.106960137685155,"[0.0, 0.46153846153846156, 1.8461538461538463, 2.307692307692308, 3.6923076923076925, 4.153846153846154, 5.538461538461538, 6.0, 7.384615384615385, 7.846153846153847, 9.230769230769232, 9.692307692307693]","[0.0, 0.38394689559936523, 1.7440967559814453, 2.1119887828826904, 3.5199666023254395, 3.8080379962921143, 5.312123775482178, 5.712175130844116, 7.456069231033325, 7.824100017547607, 9.169110774993896, 9.552107572555542]","[0.34255290031433105, 0.4385402202606201, 0.7265009880065918, 0.8066437244415283, 2.086650848388672, 2.1518969535827637, 2.454542875289917, 2.550511360168457, 3.862520933151245, 3.9585564136505127, 4.150591850280762, 4.2313454151153564, 5.654677867889404, 5.734597444534302, 6.0547285079956055, 6.166591644287109, 7.7986226081848145, 7.911106586456299, 8.166653156280518, 8.27862286567688, 9.511664152145386, 9.590593338012695, 9.89466118812561, 9.990948915481567]","[-0.07759156593909633, -0.024465524233304503, -0.09364643463721656, 0.023362434827364442, -0.17346706757178687, 0.11947039457467934, -0.0614871061765232, 0.35927871557382396, -0.09350767502417945, -0.03960462716909596, -0.07854166397681617]","[-16.81150595347087, -1.7669545279608807, -20.29006083806358, 1.6872869597540987, -37.58453130722047, 8.628417385949067, -13.322206338246689, 25.94790723588728, -20.259996255238875, -2.8603341844347074, -17.017360528310167]"
24,5,4,4,130,0.1272069252454317,18.01407800780402,"[0.0, 0.46153846153846156, 1.8461538461538463, 2.307692307692308, 3.6923076923076925, 4.153846153846154, 5.538461538461538, 6.0, 7.384615384615385, 7.846153846153847, 9.230769230769232]","[0.0, 0.46343421936035156, 1.9354851245880127, 2.816106081008911, 4.319590330123901, 4.687528371810913, 6.288016080856323, 6.7034595012664795, 8.271566152572632, 8.783524751663208, 10.223447561264038]","[-0.6029086112976074, -0.5074646472930908, -0.13947010040283203, -0.027440547943115234, 1.3325798511505127, 1.3966002464294434, 2.21319842338562, 2.2928686141967773, 3.716683864593506, 3.8127734661102295, 4.084623575210571, 4.180592060089111, 5.685111045837402, 5.764987230300903, 6.100554704666138, 6.18122124671936, 7.668660879135132, 7.748743534088135, 8.180620193481445, 8.246137619018555, 9.620543003082275]","[0.0018957578218899984, 0.08743552061227655, 0.41908249488243676, 0.11886886449960565, -0.09360041985144996, 0.21587232443002602, -0.046095041128305425, 0.18349126669076732, 0.0504201375521145, 0.05530742498544505]","[0.4107475280761663, 6.314787599775529, 90.80120722452793, 8.58497354719374, -20.28009096781415, 15.590778986612996, -9.98725891113284, 13.252147038777636, 10.92436313629147, 3.994425137837697]"
25,4,0,1,115,0.03433922868995863,4.00854459515325,"[0.0, 0.5217391304347826, 2.0869565217391304, 2.608695652173913, 4.173913043478261, 4.695652173913043, 6.260869565217391, 6.782608695652173, 8.34782608695652, 8.869565217391303]","[0.0, 0.49602198600769043, 2.063952684402466, 2.5598275661468506, 4.223764181137085, 4.735934495925903, 6.271653890609741, 6.784177303314209, 8.399702787399292, 8.863993406295776]","[-0.1160271167755127, -0.020069122314453125, 0.37999534606933594, 0.47597479820251465, 1.9479255676269531, 2.0276248455047607, 2.443800926208496, 2.5558905601501465, 4.10773777961731, 4.171929836273193, 4.619908094406128, 4.683643102645874, 6.155627489089966, 6.235710382461548, 6.668150901794434, 6.779986381530762, 8.283675909042358, 8.396025657653809, 8.747966766357422, 8.891867876052856, 10.348078727722168]","[-0.025717144427092165, 0.002713307090427719, -0.02586424869039794, 0.0987192236858867, -0.009568815645963902, -0.02949799662050978, -0.009215717730314488, 0.050308092780736224, -0.057448511538298774]","[-4.929119348525998, 0.17335017522177096, -4.957314332326271, 6.307061513264984, -1.8340229988097492, -1.8845942285325694, -1.766345898310278, 3.214128149880372, -11.010964711507254]"
26,4,4,1,115,0.452668071369042,52.00565280737698,"[0.0, 0.5217391304347826, 2.0869565217391304, 2.608695652173913, 4.173913043478261, 4.695652173913043, 6.260869565217391, 6.782608695652173, 8.34782608695652, 8.869565217391303]","[0.0, 0.49604368209838867, 2.192110538482666, 2.656017541885376, 4.432023525238037, 4.927982568740845, 5.536031723022461, 6.624141216278076, 7.0401527881622314, 8.512214422225952]","[-0.4595212936401367, -0.37859296798706055, 0.03652310371398926, 0.11662817001342773, 1.732590675354004, 1.7804856300354004, 2.1964969635009766, 2.2767159938812256, 3.9725029468536377, 4.052659511566162, 4.4684624671936035, 4.532474994659424, 5.07651162147522, 5.125827074050903, 6.164620637893677, 6.229395627975464, 6.580631732940674, 6.660635232925415, 8.052693605422974, 8.101158618927002, 8.468611240386963, 8.532681941986084]","[-0.025695448336393922, 0.13084946507992967, -0.057832127032072744, 0.21078859204831346, -0.025780086931974644, -0.9571682370227315, 0.566370362820833, -1.1492058194201915, 0.9503225036289376]","[-4.924960931142168, 8.359826935662175, -11.084491014480607, 13.467048936420028, -4.941183328628477, -61.152415143118965, 108.55431954065973, -73.42148290740117, 182.1451465288795]"
27,4,5,1,115,0.1470597147365701,15.989427213315619,"[0.0, 0.5217391304347826, 2.0869565217391304, 2.608695652173913, 4.173913043478261, 4.695652173913043, 6.260869565217391, 6.782608695652173, 8.34782608695652, 8.869565217391303]","[0.0, 0.44813966751098633, 2.1920366287231445, 2.6401095390319824, 4.480045557022095, 4.9441893100738525, 6.768689155578613, 7.168670892715454, 8.88030195236206, 9.264216423034668]","[-0.2597980499267578, -0.16370677947998047, 0.18834280967712402, 0.2685997486114502, 1.932239294052124, 1.9965078830718994, 2.380312442779541, 2.4445552825927734, 4.220247983932495, 4.284316539764404, 4.684392929077148, 4.748432636260986, 6.508892059326172, 6.572350025177002, 6.908874034881592, 6.988704204559326, 8.62050485610962, 8.684298276901245, 9.004419326782227, 9.052894115447998]","[-0.07359946292379627, 0.17867956990781053, -0.07366622012594481, 0.27471862668576463, -0.05759537738302445, 0.25928245420041307, -0.12175739329794144, 0.14641366834225966, -0.13782465976217573]","[-14.10656372706095, 11.415639188554563, -14.119358857472752, 17.551467816034965, -11.039113998413026, 16.565267907248614, -23.336833715438793, 9.354206588533263, -26.416393121083654]"
28,4,2,1,115,0.09793616953679318,13.54523617544291,"[0.0, 0.5217391304347826, 2.0869565217391304, 2.608695652173913, 4.173913043478261, 4.695652173913043, 6.260869565217391, 6.782608695652173, 8.34782608695652, 8.869565217391303]","[0.0, 0.41597628593444824, 1.8720035552978516, 2.2720587253570557, 3.904383420944214, 4.30404806137085, 6.016343116760254, 6.5120017528533936, 8.032511711120605, 8.416509628295898]","[-0.3935086727142334, -0.3135077953338623, 0.022468090057373047, 0.11847853660583496, 1.4784960746765137, 1.5424416065216064, 1.8785507678985596, 1.9585907459259033, 3.5108728408813477, 3.577988386154175, 3.9105401039123535, 3.9907236099243164, 5.622835636138916, 5.750634431838989, 6.1184937953948975, 6.182531118392944, 7.639003753662109, 7.718595027923584, 8.023001909255981, 8.134478569030762]","[-0.10576284450033435, -0.10919012194094435, -0.1216839603755786, 0.06710730428281053, -0.12207449000814652, 0.14707766408505663, -0.026080494341642613, -0.04470743303713487, -0.13774121325949018]","[-20.271211862564083, -6.976035568449223, -23.322759071985892, 4.28741110695734, -23.397610584894764, 9.396628538767507, -4.998761415481504, -2.8563082218169518, -26.400399208068926]"
29,4,3,1,115,0.07611143761786879,10.497195558783467,"[0.0, 0.5217391304347826, 2.0869565217391304, 2.608695652173913, 4.173913043478261, 4.695652173913043, 6.260869565217391, 6.782608695652173, 8.34782608695652, 8.869565217391303]","[0.0, 0.4161856174468994, 1.9200525283813477, 2.383899211883545, 3.984067678451538, 4.4160826206207275, 5.93615984916687, 6.496082305908203, 8.20799469947815, 8.624221086502075]","[-0.4042634963989258, -0.3242034912109375, 0.011922597885131836, 0.12409281730651855, 1.5157876014709473, 1.6277334690093994, 1.9796366691589355, 2.0436630249023438, 3.5798046588897705, 3.6598427295684814, 4.011819362640381, 4.092642784118652, 5.531895160675049, 5.643918991088867, 6.0918192863464355, 6.171795129776001, 7.803730010986328, 7.867802381515503, 8.219958066940308, 8.283751964569092]","[-0.10555351298788318, -0.06135048036989943, -0.05789244693258544, 0.03495107526364549, -0.08972418826559281, -0.045140162758205093, 0.03818332630655075, 0.1466950022655995, -0.10551274341085737]","[-20.231089989344277, -3.9196140236324637, -11.096052328745541, 2.23298536406624, -17.197136084238632, -2.8839548428853257, 7.318470875422231, 9.372180700302197, -20.223275820414308]"
30,4,1,1,115,0.12021868701142403,12.48632890206797,"[0.0, 0.5217391304347826, 2.0869565217391304, 2.608695652173913, 4.173913043478261, 4.695652173913043, 6.260869565217391, 6.782608695652173, 8.34782608695652, 8.869565217391303]","[0.0, 0.43198609352111816, 1.824056625366211, 2.2881739139556885, 3.984086751937866, 4.4481940269470215, 6.145128488540649, 6.576124429702759, 8.449262857437134, 8.928264141082764]","[-0.44373154640197754, -0.1077723503112793, -0.011744260787963867, 1.2853987216949463, 1.3803248405456543, 1.764354944229126, 1.8444430828094482, 3.4922866821289062, 3.5403552055358887, 3.925217390060425, 4.004462957382202, 5.6206183433532715, 5.701397657394409, 6.053090810775757, 6.1323935985565186, 7.924519300460815, 8.005530595779419, 8.356762886047363, 8.48453402519226]","[-0.08975303691366443, -0.1731468594592549, -0.057621841845305166, 0.13069544667783006, -0.05763185542562699, 0.13171707028928026, -0.09074318927267289, 0.3079210364300282, -0.042737846789153267]","[-17.20266540845235, -11.062160465452397, -11.044186353683488, 8.349986871083589, -11.046105623245179, 8.415257268481795, -17.392444610595646, 19.672732883029592, -8.1914206345877]"
