trial_number,alpha_id,traj_id,rhythm_id,tempo,ave. error,ave. error (%),ref_times,recorded_times,times_from_start,error_list,errp_list
1,0,0,2,120,0.110119793,12.91009938,"[0.0, 0.5, 2.0, 2.5, 4.0, 4.5, 6.0, 6.5, 8.0, 8.5]","[0.0, 0.4264543056488037, 2.0643117427825928, 2.4777984619140625, 4.19333815574646, 4.643347263336182, 6.258940696716309, 6.676118612289429, 8.3223135471344, 8.739292860031128]","[-0.4353904724121094, -0.3237481117248535, -0.008936166763305664, 0.0908656120300293, 1.6289212703704834, 1.7403569221496582, 2.042407989501953, 2.1582305431365967, 3.7579476833343506, 3.8711721897125244, 4.207956790924072, 4.31638240814209, 5.823550224304199, 5.924192667007446, 6.240728139877319, 6.366019248962402, 7.88692307472229, 8.000585794448853, 8.303902387619019, 8.44079852104187]","[-0.07354569435119629, 0.13785743713378906, -0.08651328086853027, 0.21553969383239746, -0.04999089241027832, 0.11559343338012695, -0.08282208442687988, 0.1461949348449707, -0.08302068710327148]","[-14.709138870239258, 9.19049580891927, -17.302656173706055, 14.36931292215983, -9.998178482055664, 7.706228892008464, -16.564416885375977, 9.746328989664715, -16.604137420654297]"
2,3,5,2,120,0.108436012,16.39866511,"[0.0, 0.5, 2.0, 2.5, 4.0, 4.5, 6.0, 6.5, 8.0, 8.5, 10.0]","[0.0, 0.3580589294433594, 1.6458892822265625, 1.978926658630371, 3.532646894454956, 3.9333255290985107, 5.332302093505859, 5.716384410858154, 7.245753526687622, 7.582176446914673, 9.082534313201904]","[0.4688730239868164, 0.5737624168395996, 0.8269319534301758, 0.9449691772460938, 2.114762306213379, 2.219076156616211, 2.4477996826171875, 2.5618062019348145, 4.0015199184417725, 4.0974485874176025, 4.402198553085327, 4.497458457946777, 5.801175117492676, 5.902787208557129, 6.185257434844971, 6.28389835357666, 7.7146265506744385, 7.7949323654174805, 8.05104947090149, 8.160620927810669, 9.55140733718872, 9.682861566543579, 9.834367036819458, 9.950912237167358]","[-0.14194107055664062, -0.21216964721679688, -0.1669626235961914, 0.05372023582458496, -0.09932136535644531, -0.10102343559265137, -0.11591768264770508, 0.029369115829467773, -0.16357707977294922, 0.0003578662872314453]","[-28.388214111328125, -14.144643147786459, -33.39252471923828, 3.5813490549723306, -19.864273071289062, -6.734895706176758, -23.183536529541016, 1.9579410552978516, -32.715415954589844, 0.023857752482096352]"
3,3,3,2,120,0.096288633,11.80954297,"[0.0, 0.5, 2.0, 2.5, 4.0, 4.5, 6.0, 6.5, 8.0, 8.5, 10.0]","[0.0, 0.4003267288208008, 1.8870244026184082, 2.3167433738708496, 3.6628122329711914, 4.0637431144714355, 5.436841726303101, 5.886507272720337, 7.2478437423706055, 7.662929058074951, 9.037113666534424]","[0.38773488998413086, 0.49463844299316406, 0.7880616188049316, 0.9112465381622314, 2.274759292602539, 2.3714330196380615, 2.7044782638549805, 2.8177101612091064, 4.050547122955322, 4.142509698867798, 4.451478004455566, 4.5412068367004395, 5.8245766162872314, 5.922566652297974, 6.274242162704468, 6.387562990188599, 7.635578632354736, 7.7903783321380615, 8.050663948059082, 8.157673835754395, 9.424848556518555, 9.523310422897339, 9.84087085723877, 9.937817573547363]","[-0.09967327117919922, -0.013302326202392578, -0.0702810287475586, -0.1539311408996582, -0.09906911849975586, -0.12690138816833496, -0.05033445358276367, -0.13866353034973145, -0.0849146842956543, -0.12581539154052734]","[-19.934654235839844, -0.8868217468261719, -14.056205749511719, -10.262076059977215, -19.813823699951172, -8.460092544555664, -10.066890716552734, -9.244235356648762, -16.98293685913086, -8.387692769368488]"
4,3,4,2,120,0.155420208,15.22317568,"[0.0, 0.5, 2.0, 2.5, 4.0, 4.5, 6.0, 6.5, 8.0, 8.5, 10.0]","[0.0, 0.3710148334503174, 1.600132942199707, 2.0588910579681396, 3.337415933609009, 3.789621591567993, 5.001879453659058, 5.422063827514648, 6.6839118003845215, 7.117111682891846, 8.44579792022705]","[0.34670567512512207, 0.44215941429138184, 0.7177205085754395, 0.833958625793457, 1.946838617324829, 2.0679116249084473, 2.4055967330932617, 2.5052435398101807, 3.684121608734131, 3.781721830368042, 4.136327266693115, 4.232924461364746, 5.34858512878418, 5.449545860290527, 5.7687695026397705, 5.866299867630005, 7.0306174755096436, 7.113823652267456, 7.463817358016968, 7.560216426849365, 8.792503595352173, 8.901172161102295, 9.176158428192139, 9.284907817840576]","[-0.12898516654968262, -0.27088189125061035, -0.04124188423156738, -0.22147512435913086, -0.047794342041015625, -0.28774213790893555, -0.07981562614440918, -0.23815202713012695, -0.06680011749267578, -0.17131376266479492]","[-25.797033309936523, -18.058792750040688, -8.248376846313477, -14.765008290608725, -9.558868408203125, -19.18280919392904, -15.963125228881836, -15.87680180867513, -13.360023498535156, -11.420917510986328]"
5,3,1,2,120,0.071338058,8.72929732,"[0.0, 0.5, 2.0, 2.5, 4.0, 4.5, 6.0, 6.5, 8.0, 8.5, 10.0]","[0.0, 0.4569375514984131, 1.7371108531951904, 2.2011759281158447, 3.6071009635925293, 4.072692155838013, 5.572866201400757, 5.972624778747559, 7.55647349357605, 7.972114086151123, 9.489563226699829]","[0.3790855407714844, 0.5213854312896729, 0.8360230922698975, 0.9489412307739258, 2.116196393966675, 2.219534158706665, 2.580261468887329, 2.6691694259643555, 3.9861865043640137, 4.082092523574829, 4.451777696609497, 4.5485594272613525, 5.951951742172241, 6.050852298736572, 6.351710319519043, 6.4506871700286865, 7.935559034347534, 8.035564184188843, 8.351199626922607, 8.452707529067993, 9.868648767471313, 9.968109130859375, 10.229511737823486, 10.334795236587524]","[-0.043062448501586914, -0.21982669830322266, -0.0359349250793457, -0.09407496452331543, -0.0344088077545166, 0.00017404556274414062, -0.10024142265319824, 0.08384871482849121, -0.08435940742492676, 0.017449140548706055]","[-8.612489700317383, -14.655113220214844, -7.186985015869141, -6.271664301554362, -6.88176155090332, 0.011603037516276043, -20.04828453063965, 5.589914321899414, -16.87188148498535, 1.1632760365804038]"
6,3,2,2,120,0.120583797,11.99230353,"[0.0, 0.5, 2.0, 2.5, 4.0, 4.5, 6.0, 6.5, 8.0, 8.5, 10.0]","[0.0, 0.3988959789276123, 1.7071919441223145, 2.184256076812744, 3.717050313949585, 4.109466791152954, 5.708816289901733, 6.189589023590088, 7.451106309890747, 7.996759414672852, 9.149755716323853]","[0.37754392623901367, 0.48806285858154297, 0.776439905166626, 0.8867509365081787, 2.084735870361328, 2.1776912212371826, 2.561800003051758, 2.660149574279785, 4.094594240188599, 4.177187442779541, 4.487010717391968, 4.593567371368408, 6.086360216140747, 6.177935600280762, 6.567132949829102, 6.6763410568237305, 7.828650236129761, 7.943453311920166, 8.374303340911865, 8.470896482467651, 9.527299642562866, 9.64000129699707, 9.927127838134766, 10.073062419891357]","[-0.1011040210723877, -0.19170403480529785, -0.022935867309570312, 0.03279423713684082, -0.10758352279663086, 0.0993494987487793, -0.019227266311645508, -0.23848271369934082, 0.04565310478210449, -0.347003698348999]","[-20.22080421447754, -12.780268987019857, -4.5871734619140625, 2.1862824757893877, -21.516704559326172, 6.623299916585286, -3.8454532623291016, -15.898847579956055, 9.130620956420898, -23.133579889933266]"
7,0,0,4,130,0.06158572,10.44949779,"[0.0, 0.46153846153846156, 1.8461538461538463, 2.307692307692308, 3.6923076923076925, 4.153846153846154, 5.538461538461538, 6.0, 7.384615384615385, 7.846153846153847]","[0.0, 0.4063258171081543, 1.7299840450286865, 2.1431820392608643, 3.4930577278137207, 3.8940141201019287, 5.284309387207031, 5.678506374359131, 7.142068147659302, 7.461134910583496]","[-0.7826471328735352, -0.676513671875, -0.37632131576538086, -0.2792789936065674, 0.9473369121551514, 1.061084508895874, 1.360534906387329, 1.4774158000946045, 2.7104105949401855, 2.8238189220428467, 3.1113669872283936, 3.2068660259246826, 4.501662254333496, 4.5940842628479, 4.895859241485596, 4.977096080780029, 6.359421014785767, 6.43580961227417, 6.678487777709961, 6.789750814437866]","[-0.05521264443030727, -0.060957156694852355, -0.04834046730628394, -0.034739696062528136, -0.06058206925025367, 0.005679882489718402, -0.06734147438636207, 0.07894638868478587, -0.14247169861426734]","[-11.962739626566574, -4.402461316850448, -10.473767916361517, -2.5089780489603655, -13.126115004221624, 0.4102137353685514, -14.590652783711777, 5.701683627234534, -30.868868033091246]"
8,5,2,4,130,0.187411975,29.03840349,"[0.0, 0.46153846153846156, 1.8461538461538463, 2.307692307692308, 3.6923076923076925, 4.153846153846154, 5.538461538461538, 6.0, 7.384615384615385, 7.846153846153847, 9.230769230769232, 9.692307692307693]","[0.0, 0.3546619415283203, 1.6158924102783203, 2.8601748943328857, 3.902837038040161, 4.25298285484314, 5.567845344543457, 6.103658199310303, 7.598946571350098, 8.032729864120483, 9.18219780921936, 9.566158771514893]","[0.3934195041656494, 0.47801733016967773, 0.7480814456939697, 0.8743896484375, 2.0093119144439697, 2.095475673675537, 3.253594398498535, 3.3137621879577637, 4.2962565422058105, 4.376488208770752, 4.646402359008789, 4.729726314544678, 5.9612648487091064, 6.057270526885986, 6.497077703475952, 6.550154209136963, 7.992366075515747, 8.078572750091553, 8.426149368286133, 8.496266841888428, 9.57561731338501, 9.654902696609497, 9.959578275680542, 10.042227268218994]","[-0.10687652001014125, -0.12338491586538458, 0.7827440225161038, -0.3419532409081092, -0.11139264473548316, -0.06975289491506675, 0.07427439322838403, 0.1106729874244099, -0.027755168768075933, -0.23514743951650807, -0.07757749924292945]","[-23.1565793355306, -8.911132812499996, 169.59453821182242, -24.696622954474552, -24.135073026021345, -5.037709077199267, 16.0927851994832, 7.993049091762934, -6.013619899749783, -16.9828706317478, -16.808458169301378]"
9,5,1,4,130,0.106987235,12.46674097,"[0.0, 0.46153846153846156, 1.8461538461538463, 2.307692307692308, 3.6923076923076925, 4.153846153846154, 5.538461538461538, 6.0, 7.384615384615385, 7.846153846153847, 9.230769230769232, 9.692307692307693]","[0.0, 0.3831007480621338, 2.04811954498291, 2.431661367416382, 3.999908447265625, 4.3999645709991455, 5.73457407951355, 6.252406597137451, 7.598058462142944, 8.125945091247559, 9.247665882110596, 9.729605913162231]","[0.30463290214538574, 0.3939669132232666, 0.6877336502075195, 0.8000421524047852, 2.352752447128296, 2.423861503601074, 2.7362942695617676, 2.8341922760009766, 4.304541349411011, 4.384655952453613, 4.704597473144531, 4.799441576004028, 6.0392069816589355, 6.1225597858428955, 6.557039499282837, 6.656173467636108, 7.90269136428833, 7.999726295471191, 8.430577993392944, 8.509274244308472, 9.552298784255981, 9.64963436126709, 10.034238815307617, 10.089954853057861]","[-0.07843771347632778, 0.2804034123053918, -0.07799663910499, 0.18363169523385858, -0.06148233780494117, -0.05000587610097984, 0.05629405608543969, -0.03896351960989186, 0.06634816756615258, -0.2628945937523479, 0.020401569513174067]","[-16.994837919871017, 20.251357555389408, -16.899271806081163, 13.262289100223121, -13.321173191070582, -3.6115354961818786, 12.197045485178597, -2.8140319718255222, 14.375436305999722, -18.986831771002898, 4.420340061187713]"
10,5,3,4,130,0.148996801,22.83958211,"[0.0, 0.46153846153846156, 1.8461538461538463, 2.307692307692308, 3.6923076923076925, 4.153846153846154, 5.538461538461538, 6.0, 7.384615384615385, 7.846153846153847]","[0.0, 0.3999025821685791, 1.8572759628295898, 2.664384126663208, 3.9633824825286865, 4.3972015380859375, 5.9963908195495605, 6.396185636520386, 7.996227264404297, 8.713693141937256]","[0.42723679542541504, 0.5406544208526611, 0.8271393775939941, 0.9371724128723145, 2.284512758255005, 2.3409931659698486, 3.091620922088623, 3.172658681869507, 4.390619277954102, 4.489800691604614, 4.8244383335113525, 4.906809329986572, 6.423627614974976, 6.524559736251831, 6.823422431945801, 6.907571792602539, 8.423464059829712, 8.539716482162476, 9.140929937362671, 9.223033428192139]","[-0.06163587936988246, 0.07275799604562616, 0.3455697022951565, -0.08561702874990607, -0.0277194059812107, 0.2145738968482389, -0.06174364456763648, 0.2154262432685261, 0.2559274159944973]","[-13.354440530141199, 5.254744158850778, 74.87343549728388, -6.183452076382105, -6.005871295928983, 15.497003661261704, -13.377789656321234, 15.558562013837992, 55.45094013214107]"
11,5,5,4,130,0.116098992,16.35718767,"[0.0, 0.46153846153846156, 1.8461538461538463, 2.307692307692308, 3.6923076923076925, 4.153846153846154, 5.538461538461538, 6.0, 7.384615384615385, 7.846153846153847, 9.230769230769232, 9.692307692307693]","[0.0, 0.300262451171875, 1.6635456085205078, 2.0786726474761963, 3.712073564529419, 4.0953733921051025, 5.6124107837677, 5.891341209411621, 7.312358379364014, 7.69579553604126, 9.311439990997314, 9.712495565414429]","[0.32239341735839844, 0.4240701198577881, 0.6226558685302734, 0.73341965675354, 1.9859390258789062, 2.1005704402923584, 2.4010660648345947, 2.4866104125976562, 4.034466981887817, 4.133588790893555, 4.417766809463501, 4.535100698471069, 5.934804201126099, 6.033430576324463, 6.2137346267700195, 6.31149697303772, 7.634751796722412, 7.734485387802124, 8.018188953399658, 8.134272336959839, 9.633833408355713, 9.750985383987427, 10.034888982772827, 10.183966636657715]","[-0.16127601036658656, -0.02133222726675177, -0.0464114225827732, 0.24878553243783808, -0.07823863396277808, 0.13242200704721352, -0.18260803589454078, 0.03640178533700755, -0.07810130486121558, 0.23102907034066966, -0.06048288712134742]","[-34.943135579427086, -1.5406608581542944, -10.055808226267523, 17.967844009399418, -16.95170402526858, 9.563811620076535, -39.56507444381715, 2.629017829894989, -16.921949386596705, 16.68543285793725, -13.104625542958603]"
12,5,4,4,130,0.098439407,14.73811877,"[0.0, 0.46153846153846156, 1.8461538461538463, 2.307692307692308, 3.6923076923076925, 4.153846153846154, 5.538461538461538, 6.0, 7.384615384615385, 7.846153846153847, 9.230769230769232, 9.692307692307693]","[0.0, 0.47305893898010254, 1.8662378787994385, 2.271578073501587, 3.5395874977111816, 4.3042519092559814, 5.529982805252075, 5.887031078338623, 7.188157320022583, 7.638177871704102, 8.888450622558594, 9.255894184112549]","[0.4186222553253174, 0.5594155788421631, 0.8916811943054199, 1.004476547241211, 2.284860134124756, 2.3392953872680664, 2.6902003288269043, 2.7898223400115967, 3.958209753036499, 4.057928800582886, 4.722874164581299, 4.823683023452759, 5.948605060577393, 6.006231784820557, 6.30565333366394, 6.422135353088379, 7.6067795753479, 7.706801414489746, 8.056800127029419, 8.120755672454834, 9.307072877883911, 9.385805368423462, 9.674516439437866, 9.769174337387085]","[0.011520477441640975, 0.008563555203951356, -0.05619826683631324, -0.11660596040578985, 0.30312595000633813, -0.1588844886192904, -0.10449018845191382, -0.08348914293142506, -0.01151790985694312, -0.13434263376089284, -0.0940948999845066]","[2.4961034456888775, 0.6184789869520424, -12.176291147867865, -8.4215415848626, 65.6772891680399, -11.474990844726532, -22.639540831247988, -6.0297714339362525, -2.495547135671009, -9.702523549397814, -20.387228329976423]"
13,0,0,3,125,0.09213563,10.72931945,"[0.0, 0.48, 1.92, 2.4, 3.84, 4.32, 5.76, 6.24, 7.68, 8.16]","[0.0, 0.4101691246032715, 1.934694766998291, 2.3893988132476807, 3.957599639892578, 4.3953094482421875, 5.977996587753296, 6.394507646560669, 8.027665138244629, 8.427921533584595]","[-0.593146562576294, -0.4958662986755371, -0.18297743797302246, -0.08119058609008789, 1.341548204421997, 1.434436321258545, 1.7962522506713867, 1.8976755142211914, 3.364453077316284, 3.466578245162964, 3.8021628856658936, 3.88568377494812, 5.384850025177002, 5.485406398773193, 5.801361083984375, 5.900331258773804, 7.434518575668335, 7.534488677978516, 7.834774971008301, 7.930758237838745]","[-0.0698308753967285, 0.08452564239501958, -0.025295953750610334, 0.12820082664489751, -0.04229019165039105, 0.1426871395111089, -0.06348894119262738, 0.19315749168396046, -0.0797436046600346]","[-14.548099040985104, 5.869836277431916, -5.269990364710486, 8.902835183673439, -8.81045659383146, 9.9088291327159, -13.226862748464024, 13.413714700275037, -16.61325097084053]"
14,4,1,3,125,0.154307612,15.59191207,"[0.0, 0.48, 1.92, 2.4, 3.84, 4.32, 5.76, 6.24, 7.68, 8.16, 9.6]","[0.0, 0.44457340240478516, 1.9287803173065186, 2.36322021484375, 3.9286248683929443, 4.314252853393555, 5.390963554382324, 5.807978630065918, 6.957128524780273, 7.324392557144165, 8.396147012710571]","[0.47205448150634766, 0.5844449996948242, 0.9166278839111328, 1.016608715057373, 2.400834798812866, 2.516975164413452, 2.8352746963500977, 2.950183629989624, 4.400679349899292, 4.500011444091797, 4.786307334899902, 4.916779041290283, 5.863018035888672, 5.960705280303955, 6.280033111572266, 6.3601298332214355, 7.429183006286621, 7.544084310531616, 7.796447038650513, 7.879359483718872, 8.868201494216919, 9.000760555267334, 9.267112493515015, 9.366254806518555]","[-0.035426597595214826, 0.04420691490173345, -0.04556010246276854, 0.1254046535491944, -0.09437201499939007, -0.36328929901122997, -0.06298492431640668, -0.29085010528564403, -0.11273596763610882, -0.36824554443359325]","[-7.380541165669756, 3.069924645953712, -9.491688013076779, 8.708656496471832, -19.660836458206248, -25.22842354244653, -13.121859232584713, -20.197923978169733, -23.48665992418932, -25.572607252332872]"
15,4,4,3,125,0.117147455,13.21385569,"[0.0, 0.48, 1.92, 2.4, 3.84, 4.32, 5.76, 6.24, 7.68, 8.16, 9.6]","[0.0, 0.46127915382385254, 1.6915764808654785, 2.091585636138916, 3.3587887287139893, 3.724215269088745, 5.022256851196289, 5.421889305114746, 6.670126676559448, 7.0781190395355225, 8.428525447845459]","[0.44197678565979004, 0.567192792892456, 0.9032559394836426, 1.0320847034454346, 2.1335532665252686, 2.2473318576812744, 2.533562421798706, 2.664001941680908, 3.8007655143737793, 3.896681547164917, 4.166192054748535, 4.255335807800293, 5.464233636856079, 5.52047872543335, 5.863866090774536, 5.988013744354248, 7.112103462219238, 7.21954607963562, 7.5200958251953125, 7.653751611709595, 8.870502233505249, 8.9679114818573, 9.224222660064697, 9.349514245986938]","[-0.018720846176147443, -0.20970267295837397, -0.07999084472656248, -0.1727969074249267, -0.11457345962524457, -0.14195841789245556, -0.0803675460815434, -0.19176262855529735, -0.07200763702392621, -0.08959359169006298]","[-3.900176286697384, -14.562685622109303, -16.664759318033852, -11.999785237842133, -23.869470755259265, -9.858223464753861, -16.743238766988192, -13.316849205228987, -15.00159104665128, -6.22177720069882]"
16,4,5,3,125,0.143133473,17.34167424,"[0.0, 0.48, 1.92, 2.4, 3.84, 4.32, 5.76, 6.24, 7.68, 8.16, 9.6]","[0.0, 0.47971081733703613, 2.1696536540985107, 2.5362355709075928, 4.0696258544921875, 4.447077512741089, 5.851728677749634, 6.585019826889038, 8.095443487167358, 8.512057065963745, 9.502761125564575]","[0.44991374015808105, 0.5723812580108643, 0.9296245574951172, 1.0196013450622559, 2.619567394256592, 2.686814785003662, 2.986149311065674, 3.0856235027313232, 4.5195395946502686, 4.619590520858765, 4.89699125289917, 4.9904069900512695, 6.301642417907715, 6.398660898208618, 7.034933567047119, 7.13645601272583, 8.54535722732544, 8.635918378829956, 8.961970806121826, 9.084693193435669, 9.952674865722656, 10.048760652542114, 10.336623191833496, 10.415750980377197]","[-0.0002891826629638494, 0.24994283676147466, -0.11341808319091795, 0.09339028358459478, -0.10254834175109906, -0.03534883499145458, 0.25329114913940387, 0.07042366027832081, -0.06338642120361371, -0.4492959403991694]","[-0.06024638811746863, 17.357141441769073, -23.628767331441242, 6.485436360041305, -21.364237864812285, -2.454780207739902, 52.76898940404242, 4.89053196377228, -13.205504417419512, -31.201106972164556]"
17,4,2,3,125,0.147183753,14.61713771,"[0.0, 0.48, 1.92, 2.4, 3.84, 4.32, 5.76, 6.24, 7.68, 8.16, 9.6]","[0.0, 0.422626256942749, 1.2863671779632568, 1.748572826385498, 3.0621416568756104, 3.4735634326934814, 4.517764329910278, 5.07383394241333, 6.469590663909912, 6.852891445159912, 8.305481195449829]","[0.34430575370788574, 0.4416782855987549, 0.7669320106506348, 0.8581593036651611, 1.6306729316711426, 1.6632871627807617, 2.092878580093384, 2.184516668319702, 3.406447410583496, 3.500441551208496, 3.817869186401367, 3.901125907897949, 4.862070083618164, 4.967317342758179, 5.418139696121216, 5.517037391662598, 6.813896417617798, 6.91053581237793, 7.197197198867798, 7.3269548416137695, 8.649786949157715, 8.730133771896362, 9.519117593765259, 9.61414361000061]","[-0.05737374305725096, -0.5762590789794921, -0.01779435157775877, -0.12643116950988764, -0.06857822418212933, -0.3957991027832026, 0.07606961250305133, -0.04424327850341747, -0.09669921875000043, 0.01258975028991749]","[-11.952863136927283, -40.017991595798065, -3.707156578699744, -8.779942327075531, -14.2871300379436, -27.48604880438908, 15.84783593813568, -3.0724498960706588, -20.14567057291674, 0.8742882145776038]"
18,4,3,3,125,0.170680706,18.39201901,"[0.0, 0.48, 1.92, 2.4, 3.84, 4.32, 5.76, 6.24, 7.68, 8.16, 9.6]","[0.0, 0.36055803298950195, 1.9381811618804932, 2.525552272796631, 3.8081984519958496, 4.207060813903809, 5.792781114578247, 6.158249378204346, 7.204501628875732, 7.7328410148620605, 8.771300792694092]","[0.45662879943847656, 0.5580618381500244, 0.8171868324279785, 0.967339277267456, 2.3948099613189697, 2.4900734424591064, 2.9821810722351074, 3.082104444503784, 4.264827251434326, 4.380776405334473, 4.663689613342285, 4.7644102573394775, 6.249409914016724, 6.348161458969116, 6.614878177642822, 6.714179515838623, 7.661130428314209, 7.789341688156128, 8.189469814300537, 8.315036296844482, 9.227929592132568, 9.357059955596924, 9.693144083023071, 9.815917015075684]","[-0.11944196701049803, 0.13762312889099126, 0.10737111091613771, -0.1573538208007812, -0.08113763809204144, 0.14572030067443897, -0.1145317363739018, -0.3937477493286128, 0.0483393859863277, -0.40154022216796825]","[-24.883743127187092, 9.557161728541061, 22.368981440862022, -10.927348666720917, -16.90367460250862, 10.119465324613822, -23.860778411229518, -27.343593703375895, 10.070705413818262, -27.884737650553358]"
19,0,0,5,135,0.083154305,12.94857462,"[0.0, 0.4444444444444444, 1.7777777777777777, 2.2222222222222223, 3.5555555555555554, 4.0, 5.333333333333333, 5.777777777777778, 7.111111111111111, 7.555555555555555]","[0.0, 0.35154294967651367, 1.6242198944091797, 1.9906606674194336, 3.2059502601623535, 3.588959217071533, 4.838995456695557, 5.1903464794158936, 6.4400084018707275, 6.807166814804077]","[-0.9354615211486816, -0.6552894115447998, -0.583918571472168, 0.6040115356445312, 0.688758373260498, 0.9718508720397949, 1.055199146270752, 2.188122034072876, 2.270488739013672, 2.570324659347534, 2.6534976959228516, 3.8237011432647705, 3.903533935546875, 4.155545473098755, 4.254884958267212, 5.421012878417969, 5.504546880722046, 5.788824558258057, 5.8717052936553955]","[-0.09290149476793075, -0.060656388600667244, -0.07800367143419074, -0.11804374059041312, -0.061435487535264954, -0.0832970937093096, -0.09309342172410773, -0.08367141087849905, -0.07728603151109503]","[-20.902836322784417, -4.5492291450500435, -17.550826072692907, -8.853280544280985, -13.82298469543461, -6.247282028198222, -20.94601988792423, -6.275355815887431, -17.389357089996373]"
20,2,3,5,135,0.09114409,12.33423515,"[0.0, 0.4444444444444444, 1.7777777777777777, 2.2222222222222223, 3.5555555555555554, 4.0, 5.333333333333333, 5.777777777777778, 7.111111111111111, 7.555555555555555, 8.88888888888889, 9.333333333333334]","[0.0, 0.31146669387817383, 1.7067615985870361, 2.0933451652526855, 3.223249912261963, 3.674375295639038, 4.974282264709473, 5.374138116836548, 6.574429035186768, 7.023651123046875, 8.189476490020752, 8.477588653564453]","[0.4109482765197754, 0.5084545612335205, 0.7224149703979492, 0.8514199256896973, 2.1177098751068115, 2.217930793762207, 2.504293441772461, 2.5858452320098877, 3.6341981887817383, 3.7348201274871826, 4.0853235721588135, 4.183957099914551, 5.385230541229248, 5.4810426235198975, 5.785086393356323, 5.897655963897705, 6.985377311706543, 7.097850561141968, 7.43459939956665, 7.530747175216675, 8.600424766540527, 8.714107275009155, 8.888536930084229, 9.018017768859863]","[-0.1329777505662706, 0.061961571375529045, -0.05786087777879523, -0.2034285863240557, 0.0066809389326305535, -0.03342636426289847, -0.044588592317369447, -0.1330424149831133, 0.00477764341566278, -0.16750796635945697, -0.15633228090074347]","[-29.91999387741088, 4.647117853164678, -13.018697500228921, -15.25714397430418, 1.5032112598418739, -2.506977319717386, -10.032433271408122, -9.978181123733501, 1.074969768524125, -12.563097476959268, -35.174763202667265]"
21,2,2,5,135,0.087939515,9.407184883,"[0.0, 0.4444444444444444, 1.7777777777777777, 2.2222222222222223, 3.5555555555555554, 4.0, 5.333333333333333, 5.777777777777778, 7.111111111111111, 7.555555555555555, 8.88888888888889, 9.333333333333334]","[0.0, 0.42168545722961426, 1.5303497314453125, 1.9620871543884277, 3.2700445652008057, 3.670501708984375, 5.16246485710144, 5.60496711730957, 6.770784378051758, 7.187995195388794, 8.336377620697021, 8.683258295059204]","[0.31882548332214355, 0.41889381408691406, 0.7405109405517578, 0.8393561840057373, 1.849175214767456, 1.939812183380127, 2.2809126377105713, 2.3724939823150635, 3.588870048522949, 3.6853439807891846, 3.9893271923065186, 4.088963985443115, 5.481290340423584, 5.58985161781311, 5.923792600631714, 6.022219657897949, 7.089609861373901, 7.172848224639893, 7.5068206787109375, 7.591406345367432, 8.655203104019165, 8.756313800811768, 9.002083778381348, 9.10586428642273]","[-0.022758987214830162, -0.22466905911763502, -0.012707021501329407, -0.025375922520955108, -0.043987300660875306, 0.1586298147837324, -0.001942184236314759, -0.16751607259114554, -0.02723362710740851, -0.1849509080251064, -0.09756377008226202]","[-5.120772123336787, -16.850179433822625, -2.8590798377991153, -1.9031941890716335, -9.89714264869694, 11.897236108779932, -0.4369914531708206, -12.563705444335918, -6.127566099166912, -13.871318101882974, -21.951848268508943]"
22,2,1,5,135,0.130116754,21.51305212,"[0.0, 0.4444444444444444, 1.7777777777777777, 2.2222222222222223, 3.5555555555555554, 4.0, 5.333333333333333, 5.777777777777778, 7.111111111111111, 7.555555555555555]","[0.0, 0.2995028495788574, 1.7983121871948242, 2.2138640880584717, 3.7467126846313477, 4.141580820083618, 5.48021936416626, 5.86762261390686, 7.296452522277832, 8.165703058242798]","[0.2861189842224121, 0.4113640785217285, 0.5856218338012695, 0.7473812103271484, 2.0844311714172363, 2.1842079162597656, 2.499983072280884, 2.5846078395843506, 4.03283166885376, 4.116253614425659, 4.42769980430603, 4.522336006164551, 5.766338348388672, 5.86650276184082, 6.1537415981292725, 6.250528812408447, 7.582571506500244, 7.6830058097839355, 8.45182204246521, 8.536505699157715]","[-0.144941594865587, 0.16547600428263354, -0.02889254358079718, 0.19951526323954294, -0.049576308992174134, 0.005305210749308564, -0.057041194703844056, 0.09549657503763864, 0.4248060915205212]","[-32.61185884475707, 12.410700321197515, -6.500822305679363, 14.963644742965723, -11.154669523239175, 0.39789080619814243, -12.834268808364907, 7.1622431278229, 95.58137059211722]"
23,2,4,5,135,0.108637393,14.15103186,"[0.0, 0.4444444444444444, 1.7777777777777777, 2.2222222222222223, 3.5555555555555554, 4.0, 5.333333333333333, 5.777777777777778, 7.111111111111111, 7.555555555555555, 8.88888888888889, 9.333333333333334]","[0.0, 0.3802351951599121, 1.6442325115203857, 2.22121524810791, 3.391448736190796, 3.8248677253723145, 4.9913010597229, 5.341527938842773, 6.832186222076416, 7.179898262023926, 8.711345434188843, 9.11427617073059]","[0.38527989387512207, 0.5154075622558594, 0.7655150890350342, 0.8803973197937012, 2.029512405395508, 2.1769542694091797, 2.6064951419830322, 2.7142350673675537, 3.776728630065918, 3.863736152648926, 4.2101476192474365, 4.2797369956970215, 5.3765809535980225, 5.48042368888855, 5.7268078327178955, 5.856832981109619, 7.217466115951538, 7.312999725341797, 7.565178155899048, 7.664239406585693, 9.096625328063965, 9.181425333023071, 9.499556064605713, 9.680338859558105]","[-0.06420924928453231, -0.06933601697285963, 0.13253829214307977, -0.1630998452504473, -0.011025455262926087, -0.1668999989827471, -0.0942175653245716, 0.15732494990030954, -0.09673240449693488, 0.19811383883158307, -0.041513707902696595]","[-14.44708108901977, -5.200201272964472, 29.821115732192936, -12.23248839378355, -2.4807274341583687, -12.517499923706035, -21.1989521980286, 11.799371242523218, -21.76479101181034, 14.858537912368725, -9.34058427810673]"
24,2,5,5,135,0.164782847,22.65344858,"[0.0, 0.4444444444444444, 1.7777777777777777, 2.2222222222222223, 3.5555555555555554, 4.0, 5.333333333333333, 5.777777777777778, 7.111111111111111, 7.555555555555555, 8.88888888888889, 9.333333333333334]","[0.0, 0.3363637924194336, 1.4348671436309814, 1.85196852684021, 3.169058084487915, 3.5524051189422607, 4.546623468399048, 5.034342050552368, 6.098016262054443, 6.512420177459717, 7.647937297821045, 8.57749319076538]","[0.3812897205352783, 0.49660158157348633, 0.7176535129547119, 0.8466396331787109, 1.8161568641662598, 1.9325509071350098, 2.2332582473754883, 2.3333730697631836, 3.5503478050231934, 3.646414279937744, 3.933694839477539, 4.016124486923218, 4.927913188934326, 5.032377004623413, 5.4156317710876465, 5.516941547393799, 6.479305982589722, 6.633986711502075, 6.893709897994995, 6.999204635620117, 8.029227018356323, 8.142937421798706, 8.95878291130066, 9.049062728881836]","[-0.10808065202501083, -0.2348299821217854, -0.027343061235216126, -0.01624377568562796, -0.06109740999009894, -0.33911498387654593, 0.04327413770887567, -0.26965912183125784, -0.030040529039171204, -0.1978162129720058, 0.4851114484998913]","[-24.318146705627434, -17.612248659133904, -6.152188777923626, -1.2182831764220974, -13.746917247772256, -25.43362379074095, 9.736680984497022, -20.224434137344343, -6.759119033813518, -14.83621597290043, 109.1500759124755]"
25,0,0,1,115,0.05521677,5.265254224,"[0.0, 0.5217391304347826, 2.0869565217391304, 2.608695652173913, 4.173913043478261, 4.695652173913043, 6.260869565217391, 6.782608695652173, 8.34782608695652, 8.869565217391303]","[0.0, 0.4999394416809082, 2.24664568901062, 2.7457733154296875, 4.4655444622039795, 4.947952032089233, 6.532851696014404, 7.059648036956787, 8.643709897994995, 9.199030637741089]","[-0.3308990001678467, 0.09178352355957031, 0.16904044151306152, 1.816340684890747, 1.9157466888427734, 2.341686725616455, 2.414874315261841, 4.018989324569702, 4.134645462036133, 4.502339601516724, 4.617053031921387, 6.101367950439453, 6.201952695846558, 6.631487131118774, 6.72874903678894, 8.198877334594727, 8.312810897827148, 8.761765480041504, 8.868131637573242]","[-0.02179968875387439, 0.18148885602536424, -0.022611504015715322, 0.15455375546994432, -0.039331560549528355, 0.019682272620823227, 0.005057210507600551, 0.018844469733861224, 0.0335816093113106]","[-4.178273677825925, 11.59512135717605, -4.333871603012103, 9.874267710579778, -7.538549105326273, 1.2574785285525951, 0.9692986806234396, 1.20395223299669, 6.436475118001192]"
26,1,4,1,115,0.155952106,13.77615487,"[0.0, 0.5217391304347826, 2.0869565217391304, 2.608695652173913, 4.173913043478261, 4.695652173913043, 6.260869565217391, 6.782608695652173, 8.34782608695652, 8.869565217391303]","[0.0, 0.5030012130737305, 1.8660774230957031, 2.347085475921631, 3.7540228366851807, 4.238629341125488, 5.465836763381958, 5.953622341156006, 7.082237958908081, 7.465996265411377]","[0.4747447967529297, 0.5986807346343994, 0.9777460098266602, 1.0772557258605957, 2.340822219848633, 2.430030345916748, 2.8218302726745605, 2.912477731704712, 4.22876763343811, 4.3406243324279785, 4.713374137878418, 4.804688930511475, 5.940581560134888, 6.062666177749634, 6.4283671379089355, 6.530050992965698, 7.556982755661011, 7.677886724472046, 7.940741062164307, 8.037744283676147, 9.293426752090454, 9.394355058670044, 9.727895259857178, 9.826235055923462]","[-0.018737917361052125, -0.20214118128237502, -0.04073107760885497, -0.15828003054079787, -0.037132625994474644, -0.33800996904787795, -0.03395355266073441, -0.4366017735522716, -0.13798082393148725]","[-3.591434160868324, -12.914575470818404, -7.8067898750305345, -10.112335284550976, -7.117086648940978, -21.595081355836648, -6.5077642599741, -27.894002199172924, -26.446324586868364]"
27,1,5,1,115,0.08270949,8.390078133,"[0.0, 0.5217391304347826, 2.0869565217391304, 2.608695652173913, 4.173913043478261, 4.695652173913043, 6.260869565217391, 6.782608695652173, 8.34782608695652, 8.869565217391303]","[0.0, 0.5101356506347656, 1.9127905368804932, 2.5085203647613525, 3.919264793395996, 4.428416967391968, 6.028536081314087, 6.494431972503662, 7.8859617710113525, 8.34296464920044]","[0.408719539642334, 0.5468649864196777, 0.9188551902770996, 1.0327177047729492, 2.321510076522827, 2.4200289249420166, 2.9172399044036865, 3.0159499645233154, 4.32798433303833, 4.403136491775513, 4.837136507034302, 4.932086944580078, 6.437255620956421, 6.5197930335998535, 6.903151512145996, 7.015312910079956, 8.294681310653687, 8.386093854904175, 8.751684188842773, 8.885170459747314, 9.886749029159546, 10.002100944519043]","[-0.01160347980001697, -0.16256250505862013, 0.07399069744607667, -0.15447296266970412, -0.012586956438810581, 0.03490172261777147, -0.055843239245207066, -0.17368759279665635, -0.06473625224569624]","[-2.2240002950032527, -10.385937823189622, 14.18155034383136, -9.869105948342208, -2.412499984105363, 2.229832278357622, -10.703287521998028, -11.096707317564164, -12.4077816804251]"
28,1,2,1,115,0.079530708,9.277455527,"[0.0, 0.5217391304347826, 2.0869565217391304, 2.608695652173913, 4.173913043478261, 4.695652173913043, 6.260869565217391, 6.782608695652173, 8.34782608695652, 8.869565217391303]","[0.0, 0.5574326515197754, 1.9561841487884521, 2.5500128269195557, 3.956711769104004, 4.357232093811035, 5.872804641723633, 6.419434309005737, 7.939071893692017, 8.502485990524292]","[0.3131141662597656, 0.4299197196960449, 0.870546817779541, 1.008014440536499, 2.2692983150482178, 2.3994951248168945, 2.8631269931793213, 2.9692564010620117, 4.2698259353637695, 4.36567234992981, 4.670346260070801, 4.815359354019165, 6.185918807983398, 6.3156678676605225, 6.732548475265503, 6.846339225769043, 8.252186059951782, 8.38216519355774, 8.815600156784058, 8.902692794799805]","[0.035693521084992796, -0.1664658940356709, 0.07208954769632081, -0.15851844911989943, -0.12121880572775101, -0.049644843391750015, 0.02489053684732223, -0.04557980661806749, 0.04167496639749224]","[6.841258207956953, -10.635321007834532, 13.817163308461486, -10.127567582660243, -23.233604431152294, -3.1717538833618066, 4.7706862290700975, -2.912043200598758, 7.98770189285267]"
29,1,3,1,115,0.089911666,12.38246155,"[0.0, 0.5217391304347826, 2.0869565217391304, 2.608695652173913, 4.173913043478261, 4.695652173913043, 6.260869565217391, 6.782608695652173, 8.34782608695652, 8.869565217391303]","[0.0, 0.46429944038391113, 2.0139284133911133, 2.543903112411499, 3.931821346282959, 4.7184741497039795, 6.183583974838257, 6.816978931427002, 8.333539962768555, 8.829970359802246]","[0.5250654220581055, 0.6702823638916016, 0.9893648624420166, 1.125638484954834, 2.5389938354492188, 2.6199252605438232, 3.0689685344696045, 3.1601638793945312, 4.4568867683410645, 4.556408643722534, 5.243539571762085, 5.322009086608887, 6.708649396896362, 6.776026725769043, 7.342044353485107, 7.438371419906616, 8.85860538482666, 8.93842601776123, 9.355035781860352, 9.476552963256836]","[-0.05743969005087146, -0.015588418297145523, 0.008235568585603037, -0.1772991574328877, 0.26491367298623825, -0.10010756617007033, 0.11165582615396286, -0.04865635996279405, -0.025308733401091743]","[-11.00927392641703, -0.9959267245398531, 1.5784839789072482, -11.327446169323382, 50.775120655695694, -6.395761171976716, 21.400700012842893, -3.108600775400733, -4.850840568542579]"
30,1,1,1,115,0.074418485,9.594948056,"[0.0, 0.5217391304347826, 2.0869565217391304, 2.608695652173913, 4.173913043478261, 4.695652173913043, 6.260869565217391, 6.782608695652173, 8.34782608695652, 8.869565217391303]","[0.0, 0.4433431625366211, 2.1089065074920654, 2.55976939201355, 4.010745286941528, 4.412292957305908, 5.8848724365234375, 6.360260725021362, 7.903872013092041, 8.400490760803223]","[0.5004348754882812, 0.6394684314727783, 0.9437780380249023, 1.076894760131836, 2.6093413829803467, 2.6899449825286865, 3.060204267501831, 3.1565799713134766, 4.51118016242981, 4.628298997879028, 4.9127278327941895, 5.028768539428711, 6.385307312011719, 6.461203575134277, 6.8606956005096436, 6.976181268692017, 8.404306888580322, 8.47550654411316, 8.900925636291504, 9.011075258255005, 9.860580444335938, 9.956133604049683]","[-0.0783959678981615, 0.10034595365109666, -0.07087624591329833, -0.11424149637636916, -0.12019146007040238, -0.09263791208681837, -0.046350841936857456, -0.021606103233668073, -0.02512038272360151]","[-15.02589384714762, 6.410991483264509, -13.584613800048844, -7.298762268490252, -23.036696513493805, -5.918533272213397, -8.883911371231019, -1.3803899288176833, -4.814740022023618]"
